2003md_f1m1,frc306,frc384,frc314,frc365,31,17
2003md_f1m2,frc306,frc384,frc314,frc365,43,29
2003md_qf1m1,frc306,frc384,frc891,frc484,42,37
2003md_qf1m2,frc306,frc134,frc891,frc486,4,26
2003md_qf2m1,frc836,frc303,frc858,frc365,78,39
2003md_qf2m2,frc836,frc316,frc314,frc365,68,69
2003md_qf3m1,frc651,frc341,frc25,frc103,37,65
2003md_qf3m2,frc639,frc341,frc25,frc614,34,57
2003md_qf4m1,frc506,frc888,frc1027,frc686,22,98
2003md_qf4m2,frc271,frc888,frc1027,frc339,34,40
2003md_qm1,frc836,frc1131,frc1195,frc333,150,22
2003md_qm10,frc858,frc365,frc891,frc484,63,43
2003md_qm11,frc768,frc398,frc53,frc928,36,38
2003md_qm12,frc651,frc804,frc165,frc314,33,57
2003md_qm13,frc615,frc1184,frc103,frc506,20,125
2003md_qm14,frc249,frc486,frc602,frc333,37,20
2003md_qm15,frc836,frc25,frc596,frc1131,110,85
2003md_qm16,frc449,frc614,frc1027,frc56,27,35
2003md_qm17,frc357,frc1195,frc204,frc888,18,93
2003md_qm18,frc384,frc348,frc639,frc87,7,38
2003md_qm19,frc300,frc1168,frc341,frc1123,7,46
2003md_qm2,frc596,frc1027,frc384,frc25,62,36
2003md_qm20,frc652,frc272,frc7,frc487,18,67
2003md_qm21,frc53,frc303,frc134,frc804,44,45
2003md_qm22,frc339,frc271,frc316,frc1184,39,53
2003md_qm23,frc165,frc225,frc810,frc484,13,55
2003md_qm24,frc858,frc306,frc103,frc486,122,32
2003md_qm25,frc686,frc928,frc602,frc249,88,14
2003md_qm26,frc768,frc1111,frc365,frc314,32,88
2003md_qm27,frc116,frc651,frc506,frc398,57,110
2003md_qm28,frc891,frc615,frc333,frc596,77,38
2003md_qm29,frc1027,frc836,frc1131,frc204,78,32
2003md_qm3,frc614,frc204,frc300,frc449,12,18
2003md_qm30,frc56,frc25,frc449,frc639,12,30
2003md_qm31,frc888,frc357,frc341,frc614,28,57
2003md_qm32,frc87,frc7,frc384,frc1195,34,39
2003md_qm33,frc1123,frc134,frc300,frc306,24,126
2003md_qm34,frc316,frc348,frc487,frc652,86,5
2003md_qm35,frc810,frc768,frc804,frc1168,72,4
2003md_qm36,frc53,frc1184,frc103,frc602,36,69
2003md_qm37,frc928,frc1111,frc339,frc272,43,76
2003md_qm38,frc484,frc116,frc615,frc365,36,37
2003md_qm39,frc891,frc165,frc486,frc303,45,11
2003md_qm4,frc357,frc639,frc272,frc56,73,42
2003md_qm40,frc249,frc398,frc506,frc858,40,37
2003md_qm41,frc271,frc651,frc225,frc686,42,26
2003md_qm42,frc314,frc836,frc333,frc25,60,93
2003md_qm43,frc596,frc1131,frc357,frc449,131,6
2003md_qm44,frc204,frc7,frc1027,frc341,69,45
2003md_qm45,frc134,frc639,frc384,frc56,31,60
2003md_qm46,frc348,frc614,frc300,frc888,94,18
2003md_qm47,frc768,frc1195,frc487,frc1184,139,12
2003md_qm48,frc87,frc928,frc306,frc804,67,63
2003md_qm49,frc484,frc891,frc1111,frc1123,57,8
2003md_qm5,frc348,frc341,frc303,frc888,53,30
2003md_qm50,frc652,frc858,frc116,frc225,0,40
2003md_qm51,frc103,frc316,frc686,frc271,45,71
2003md_qm52,frc165,frc314,frc1168,frc303,89,27
2003md_qm53,frc339,frc398,frc249,frc615,130,9
2003md_qm54,frc810,frc602,frc486,frc651,3,200
2003md_qm55,frc272,frc53,frc506,frc365,41,55
2003md_qm56,frc596,frc836,frc204,frc1131,43,32
2003md_qm57,frc333,frc134,frc7,frc357,13,57
2003md_qm58,frc348,frc639,frc25,frc1027,22,35
2003md_qm59,frc768,frc614,frc449,frc384,12,18
2003md_qm6,frc1168,frc7,frc225,frc87,28,45
2003md_qm60,frc87,frc1195,frc341,frc484,38,55
2003md_qm61,frc300,frc225,frc652,frc928,50,42
2003md_qm62,frc56,frc103,frc303,frc891,39,82
2003md_qm63,frc487,frc165,frc888,frc271,12,84
2003md_qm64,frc858,frc339,frc306,frc316,47,76
2003md_qm65,frc1111,frc651,frc53,frc249,6,58
2003md_qm66,frc1184,frc365,frc486,frc810,18,49
2003md_qm67,frc615,frc314,frc506,frc116,35,82
2003md_qm68,frc398,frc804,frc272,frc686,5,61
2003md_qm69,frc1123,frc602,frc1168,frc1131,85,38
2003md_qm7,frc652,frc339,frc306,frc1123,50,121
2003md_qm70,frc596,frc357,frc333,frc1027,42,44
2003md_qm71,frc836,frc348,frc384,frc134,40,130
2003md_qm72,frc204,frc768,frc639,frc484,18,122
2003md_qm73,frc7,frc87,frc928,frc614,30,33
2003md_qm74,frc300,frc891,frc25,frc1195,60,81
2003md_qm75,frc56,frc271,frc449,frc365,94,27
2003md_qm76,frc225,frc487,frc306,frc316,38,94
2003md_qm77,frc341,frc53,frc249,frc486,24,55
2003md_qm78,frc103,frc858,frc810,frc652,90,6
2003md_qm79,frc804,frc506,frc165,frc314,70,56
2003md_qm8,frc134,frc810,frc1111,frc487,40,4
2003md_qm80,frc1123,frc116,frc272,frc1111,24,20
2003md_qm81,frc1184,frc1168,frc303,frc339,4,86
2003md_qm82,frc615,frc686,frc398,frc602,36,4
2003md_qm83,frc888,frc651,frc333,frc1131,145,28
2003md_qm84,frc384,frc1027,frc596,frc639,109,77
2003md_qm85,frc134,frc836,frc928,frc357,132,60
2003md_qm86,frc484,frc204,frc25,frc614,81,44
2003md_qm87,frc348,frc7,frc449,frc1195,102,24
2003md_qm88,frc768,frc306,frc858,frc300,69,49
2003md_qm89,frc249,frc506,frc365,frc1123,21,60
2003md_qm9,frc316,frc686,frc116,frc271,58,10
2003md_qm90,frc87,frc316,frc810,frc56,25,65
2003md_qm91,frc1168,frc116,frc615,frc165,150,12
2003md_qm92,frc891,frc486,frc225,frc1184,142,46
2003md_qm93,frc272,frc303,frc686,frc652,69,20
2003md_qm94,frc651,frc341,frc602,frc271,150,61
2003md_qm95,frc314,frc103,frc1111,frc487,169,49
2003md_qm96,frc888,frc398,frc804,frc53,110,30
2003md_qm97,frc339,frc1027,frc333,frc836,57,24
2003md_sf1m1,frc306,frc384,frc25,frc103,64,7
2003md_sf1m2,frc306,frc384,frc25,frc103,6,34
2003md_sf2m1,frc314,frc365,frc1027,frc339,4,76
2003md_sf2m2,frc314,frc365,frc1027,frc339,81,45
