2003md_0,Regional Chairman’s Award,frc357,
2003md_1,Regional Winner,frc306,
2003md_1,Regional Winner,frc384,
2003md_1,Regional Winner,frc134,
2003md_10,Rookie All Star Award Friday,frc1168,
2003md_10,Rookie All Star Award Friday,frc1027,
2003md_13,Judges Award Friday,frc928,
2003md_13,Judges Award Friday,frc333,
2003md_13,Judges Award Friday,frc25,
2003md_16,GM Industrial Design Award,frc339,
2003md_17,Motorola Quality Award,frc303,
2003md_19,Johnson & Johnson Sportsmanship Award,frc365,
2003md_2,Regional Finalist,frc314,
2003md_2,Regional Finalist,frc365,
2003md_2,Regional Finalist,frc858,
2003md_20,Xerox Creativity Award,frc858,
2003md_22,Kleiner Perkins Caufield & Byers Entrepreneurship,frc103,
2003md_26,"Delphi ""Driving Tomorrow's Technology"" Award",frc357,
2003md_27,Imagery Award,frc87,
2003md_30,DaimlerChrysler Team Spirit Award,frc365,
2003md_31,Website Design Award,frc103,
2003md_32,Autodesk Visualization Award - Regional,frc651,
2003md_38,Leadership in Control Award,frc836,
2003md_5,Volunteer Award,,"Mike Wade, NASA Goddard"
2003md_9,Engineering Inspiration Award,frc449,
