2004va_0,Regional Chairman’s Award,frc435,
2004va_1,Regional Winner,frc33,
2004va_1,Regional Winner,frc977,
2004va_1,Regional Winner,frc388,
2004va_10,Rookie All Star Award,frc1418,
2004va_13,Judges Award Friday,frc422,
2004va_13,Judges Award Friday,frc388,
2004va_14,Highest Rookie Seed Award,frc1467,
2004va_15,Rookie Inspiration Award,frc1413,
2004va_16,General Motors Industrial Design Award,frc616,
2004va_17,Motorola Quality Award,frc339,
2004va_19,Johnson & Johnson Sportsmanship Award,frc384,
2004va_2,Regional Finalist,frc165,
2004va_2,Regional Finalist,frc616,
2004va_2,Regional Finalist,frc346,
2004va_20,Xerox Creativity Award,frc33,
2004va_22,Kleiner Perkins Caufield & Byers Entrepreneurship,frc1002,
2004va_26,"Delphi ""Driving Tomorrow's Technology"" Award",frc977,
2004va_27,Imagery Award,frc1086,
2004va_3,Regional Woodie Flowers Award,,Ansel Butterfield
2004va_30,DaimlerChrysler Team Spirit Award,frc677,
2004va_31,Website Design Award,frc1137,
2004va_32,Autodesk Visualization Award - Regional,frc116,
2004va_38,Leadership in Control Award,frc435,
2004va_5,Outstanding Volunteer Award (#1),,Henry Becker
2004va_5,Outstanding Volunteer Award (#1),,Debbie Kellogg
2004va_9,Engineering Inspiration Award,frc337,
