2002ct_f1m1,frc121,frc69,frc103,frc173,frc195,frc88,37,38
2002ct_f1m2,frc121,frc69,frc103,frc173,frc195,frc88,57,34
2002ct_f1m3,frc121,frc69,frc103,frc173,frc195,frc88,46,0
2002ct_qf1m1,frc157,frc230,frc237,frc571,frc839,frc138,51,42
2002ct_qf1m2,frc157,frc230,frc237,frc571,frc839,frc138,20,49
2002ct_qf1m3,frc157,frc230,frc237,frc571,frc839,frc138,33,20
2002ct_qf2m1,frc121,frc69,frc103,frc95,frc505,frc501,51,21
2002ct_qf2m2,frc121,frc69,frc103,frc95,frc505,frc501,70,10
2002ct_qf3m1,frc173,frc195,frc88,frc38,frc96,frc241,10,52
2002ct_qf3m2,frc173,frc195,frc88,frc38,frc96,frc241,35,1
2002ct_qf3m3,frc173,frc195,frc88,frc38,frc96,frc241,41,0
2002ct_qf4m1,frc42,frc176,frc151,frc271,frc175,frc716,22,49
2002ct_qf4m2,frc42,frc176,frc151,frc271,frc175,frc716,21,40
2002ct_qm1,frc505,frc394,frc287,frc237,13,32
2002ct_qm10,frc131,frc562,frc512,frc348,14,24
2002ct_qm100,frc287,frc97,frc126,frc319,30,20
2002ct_qm101,frc166,frc157,frc103,frc236,53,46
2002ct_qm102,frc177,frc181,frc195,frc178,20,30
2002ct_qm103,frc246,frc348,frc241,frc230,30,30
2002ct_qm104,frc271,frc571,frc140,frc151,41,31
2002ct_qm105,frc42,frc134,frc131,frc809,48,11
2002ct_qm106,frc238,frc58,frc984,frc394,44,12
2002ct_qm107,frc521,frc155,frc145,frc293,33,10
2002ct_qm108,frc250,frc999,frc811,frc716,10,10
2002ct_qm109,frc512,frc38,frc213,frc88,33,30
2002ct_qm11,frc984,frc319,frc546,frc571,30,32
2002ct_qm110,frc546,frc237,frc839,frc40,33,38
2002ct_qm111,frc176,frc558,frc133,frc501,22,23
2002ct_qm112,frc121,frc505,frc782,frc228,48,37
2002ct_qm113,frc97,frc173,frc175,frc467,43,31
2002ct_qm114,frc157,frc596,frc562,frc287,0,50
2002ct_qm115,frc181,frc125,frc319,frc166,35,20
2002ct_qm116,frc348,frc126,frc236,frc177,50,33
2002ct_qm117,frc571,frc103,frc178,frc246,37,20
2002ct_qm118,frc134,frc195,frc230,frc271,23,30
2002ct_qm119,frc58,frc241,frc151,frc42,27,39
2002ct_qm12,frc145,frc236,frc500,frc134,45,30
2002ct_qm120,frc155,frc140,frc809,frc238,20,35
2002ct_qm121,frc999,frc131,frc394,frc521,11,30
2002ct_qm122,frc38,frc984,frc293,frc250,31,25
2002ct_qm123,frc237,frc145,frc716,frc512,39,33
2002ct_qm124,frc558,frc811,frc88,frc546,20,20
2002ct_qm125,frc138,frc213,frc40,frc500,67,10
2002ct_qm126,frc69,frc839,frc96,frc95,44,37
2002ct_qm13,frc811,frc178,frc95,frc58,30,41
2002ct_qm14,frc213,frc230,frc501,frc155,40,10
2002ct_qm15,frc839,frc151,frc228,frc999,51,10
2002ct_qm16,frc394,frc809,frc467,frc38,14,31
2002ct_qm17,frc293,frc177,frc69,frc505,52,50
2002ct_qm18,frc716,frc246,frc176,frc173,26,54
2002ct_qm19,frc88,frc271,frc121,frc596,40,36
2002ct_qm2,frc173,frc293,frc166,frc558,47,23
2002ct_qm20,frc40,frc42,frc97,frc125,33,32
2002ct_qm21,frc96,frc238,frc157,frc126,37,57
2002ct_qm22,frc133,frc521,frc181,frc103,22,24
2002ct_qm23,frc782,frc250,frc348,frc195,28,42
2002ct_qm24,frc175,frc512,frc571,frc241,31,62
2002ct_qm25,frc562,frc546,frc134,frc140,42,10
2002ct_qm26,frc319,frc500,frc58,frc131,10,49
2002ct_qm27,frc236,frc95,frc155,frc984,33,16
2002ct_qm28,frc178,frc501,frc999,frc145,26,31
2002ct_qm29,frc230,frc228,frc38,frc811,22,27
2002ct_qm3,frc596,frc716,frc177,frc138,22,0
2002ct_qm30,frc151,frc467,frc237,frc213,39,32
2002ct_qm31,frc809,frc287,frc558,frc839,38,30
2002ct_qm32,frc246,frc166,frc138,frc293,30,48
2002ct_qm33,frc271,frc97,frc505,frc716,30,30
2002ct_qm34,frc42,frc157,frc173,frc88,53,46
2002ct_qm35,frc238,frc181,frc596,frc40,44,21
2002ct_qm36,frc521,frc348,frc125,frc96,12,43
2002ct_qm37,frc250,frc571,frc126,frc133,38,49
2002ct_qm38,frc512,frc134,frc103,frc782,45,38
2002ct_qm39,frc546,frc58,frc195,frc175,41,35
2002ct_qm4,frc125,frc88,frc246,frc69,47,51
2002ct_qm40,frc500,frc155,frc241,frc562,26,38
2002ct_qm41,frc95,frc999,frc140,frc319,49,64
2002ct_qm42,frc501,frc38,frc131,frc236,40,23
2002ct_qm43,frc228,frc237,frc984,frc178,45,10
2002ct_qm44,frc467,frc558,frc145,frc230,30,40
2002ct_qm45,frc287,frc138,frc811,frc151,20,39
2002ct_qm46,frc166,frc69,frc213,frc809,57,19
2002ct_qm47,frc177,frc176,frc839,frc394,25,21
2002ct_qm48,frc181,frc121,frc716,frc42,40,42
2002ct_qm49,frc348,frc505,frc88,frc238,32,34
2002ct_qm5,frc126,frc40,frc271,frc176,23,49
2002ct_qm50,frc571,frc173,frc40,frc521,44,24
2002ct_qm51,frc134,frc596,frc96,frc250,27,36
2002ct_qm52,frc58,frc125,frc133,frc512,27,12
2002ct_qm53,frc155,frc126,frc782,frc546,33,56
2002ct_qm54,frc999,frc103,frc175,frc500,41,46
2002ct_qm55,frc38,frc195,frc562,frc95,45,42
2002ct_qm56,frc237,frc241,frc319,frc501,38,39
2002ct_qm57,frc558,frc140,frc236,frc228,40,41
2002ct_qm58,frc138,frc131,frc178,frc467,49,36
2002ct_qm59,frc69,frc984,frc230,frc287,20,36
2002ct_qm6,frc103,frc96,frc42,frc121,28,58
2002ct_qm60,frc176,frc145,frc151,frc166,33,31
2002ct_qm61,frc121,frc811,frc809,frc177,27,25
2002ct_qm62,frc97,frc213,frc394,frc246,30,12
2002ct_qm63,frc157,frc839,frc293,frc271,48,45
2002ct_qm64,frc505,frc40,frc250,frc58,24,35
2002ct_qm65,frc173,frc96,frc512,frc155,62,14
2002ct_qm66,frc596,frc133,frc546,frc999,22,12
2002ct_qm67,frc125,frc782,frc500,frc38,38,21
2002ct_qm68,frc126,frc175,frc95,frc237,42,55
2002ct_qm69,frc103,frc562,frc501,frc558,46,41
2002ct_qm7,frc195,frc133,frc238,frc97,33,32
2002ct_qm70,frc195,frc319,frc228,frc138,47,20
2002ct_qm71,frc241,frc236,frc467,frc69,21,52
2002ct_qm72,frc140,frc178,frc287,frc176,10,31
2002ct_qm73,frc131,frc230,frc166,frc121,40,49
2002ct_qm74,frc984,frc151,frc177,frc97,29,22
2002ct_qm75,frc145,frc809,frc246,frc157,20,66
2002ct_qm76,frc811,frc394,frc271,frc181,12,32
2002ct_qm77,frc213,frc293,frc42,frc348,38,30
2002ct_qm78,frc839,frc716,frc238,frc571,34,36
2002ct_qm79,frc40,frc88,frc521,frc134,23,38
2002ct_qm8,frc241,frc782,frc521,frc157,28,35
2002ct_qm80,frc96,frc546,frc38,frc505,28,30
2002ct_qm81,frc133,frc500,frc237,frc173,34,57
2002ct_qm82,frc782,frc95,frc558,frc596,57,37
2002ct_qm83,frc175,frc501,frc138,frc125,17,61
2002ct_qm84,frc562,frc228,frc69,frc126,34,47
2002ct_qm85,frc319,frc467,frc176,frc103,40,40
2002ct_qm86,frc236,frc287,frc121,frc195,22,39
2002ct_qm87,frc178,frc166,frc97,frc241,0,28
2002ct_qm88,frc230,frc177,frc157,frc140,44,56
2002ct_qm89,frc151,frc246,frc181,frc131,10,35
2002ct_qm9,frc140,frc175,frc250,frc181,45,30
2002ct_qm90,frc809,frc271,frc348,frc984,39,28
2002ct_qm91,frc394,frc42,frc571,frc145,10,0
2002ct_qm92,frc293,frc238,frc134,frc811,34,24
2002ct_qm93,frc716,frc521,frc58,frc213,21,34
2002ct_qm94,frc88,frc250,frc155,frc839,35,26
2002ct_qm95,frc500,frc512,frc999,frc96,17,42
2002ct_qm96,frc95,frc138,frc505,frc133,35,33
2002ct_qm97,frc501,frc69,frc173,frc782,47,50
2002ct_qm98,frc228,frc176,frc596,frc175,49,12
2002ct_qm99,frc467,frc121,frc125,frc562,46,25
2002ct_sf1m1,frc157,frc230,frc237,frc121,frc69,frc103,20,42
2002ct_sf1m2,frc157,frc230,frc237,frc121,frc69,frc103,25,49
2002ct_sf2m1,frc173,frc195,frc88,frc271,frc175,frc716,38,29
2002ct_sf2m2,frc173,frc195,frc88,frc271,frc175,frc716,12,36
2002ct_sf2m3,frc173,frc195,frc88,frc271,frc175,frc716,56,30
