2004cmp_f1m1,frc1218,frc469,frc868,frc71,frc494,frc435,75,170
2004cmp_f1m2,frc1218,frc469,frc868,frc71,frc494,frc435,180,130
2004cmp_f1m3,frc1218,frc469,frc868,frc71,frc494,frc435,50,145
2004cmp_sf1m1,frc1126,frc67,frc340,frc1218,frc469,frc868,150,120
2004cmp_sf1m2,frc1126,frc67,frc340,frc1218,frc469,frc868,110,150
2004cmp_sf1m3,frc1126,frc67,frc340,frc1218,frc469,frc868,45,90
2004cmp_sf2m1,frc1038,frc175,frc1388,frc71,frc494,frc435,80,185
2004cmp_sf2m2,frc1038,frc175,frc1388,frc71,frc494,frc435,80,120
