2006arc_f1m1,frc296,frc217,frc522,frc233,frc33,frc1902,28,64
2006arc_f1m2,frc296,frc217,frc522,frc233,frc33,frc1902,81,65
2006arc_f1m3,frc296,frc217,frc522,frc233,frc33,frc1902,113,49
2006arc_qf1m1,frc296,frc217,frc522,frc20,frc138,frc159,77,53
2006arc_qf1m2,frc296,frc217,frc522,frc20,frc138,frc159,63,50
2006arc_qf2m1,frc120,frc1323,frc103,frc179,frc126,frc585,41,91
2006arc_qf2m2,frc120,frc1323,frc103,frc179,frc126,frc585,43,58
2006arc_qf3m1,frc401,frc271,frc1138,frc1023,frc1756,frc69,73,42
2006arc_qf3m2,frc401,frc271,frc1138,frc1023,frc1756,frc69,54,34
2006arc_qf4m1,frc233,frc33,frc1902,frc1816,frc343,frc60,75,72
2006arc_qf4m2,frc233,frc33,frc1902,frc1816,frc343,frc60,100,74
2006arc_qm1,frc862,frc1394,frc69,frc1595,frc1108,frc375,32,53
2006arc_qm10,frc1714,frc292,frc20,frc522,frc999,frc1626,45,41
2006arc_qm100,frc1654,frc585,frc1184,frc1743,frc401,frc1880,21,32
2006arc_qm101,frc1108,frc433,frc945,frc1538,frc499,frc555,27,32
2006arc_qm11,frc1803,frc836,frc768,frc103,frc1302,frc1492,64,33
2006arc_qm12,frc468,frc538,frc647,frc486,frc1568,frc1816,25,47
2006arc_qm13,frc1323,frc447,frc271,frc499,frc585,frc383,71,41
2006arc_qm14,frc75,frc33,frc973,frc1723,frc330,frc922,66,33
2006arc_qm15,frc1880,frc47,frc1108,frc1941,frc343,frc233,31,91
2006arc_qm16,frc203,frc138,frc357,frc308,frc1756,frc375,12,52
2006arc_qm17,frc20,frc386,frc812,frc433,frc1610,frc1508,32,39
2006arc_qm18,frc103,frc1138,frc401,frc87,frc1714,frc862,58,32
2006arc_qm19,frc647,frc836,frc1266,frc126,frc159,frc1279,49,85
2006arc_qm2,frc1538,frc245,frc1941,frc1266,frc386,frc174,38,34
2006arc_qm20,frc383,frc486,frc744,frc686,frc179,frc226,27,60
2006arc_qm21,frc75,frc499,frc292,frc1302,frc538,frc1595,9,29
2006arc_qm22,frc1723,frc447,frc1538,frc120,frc1250,frc217,24,93
2006arc_qm23,frc33,frc1902,frc1450,frc1549,frc1023,frc1626,21,41
2006arc_qm24,frc768,frc1568,frc585,frc330,frc69,frc174,21,62
2006arc_qm25,frc1184,frc1414,frc555,frc191,frc1057,frc1367,44,25
2006arc_qm26,frc1743,frc999,frc1492,frc468,frc271,frc922,34,54
2006arc_qm27,frc1880,frc1394,frc245,frc888,frc296,frc1675,37,73
2006arc_qm28,frc945,frc1654,frc60,frc4,frc522,frc1803,29,34
2006arc_qm29,frc1816,frc1323,frc973,frc47,frc138,frc20,54,33
2006arc_qm3,frc1184,frc126,frc888,frc343,frc812,frc120,53,55
2006arc_qm30,frc1941,frc87,frc126,frc179,frc538,frc1250,44,56
2006arc_qm31,frc1450,frc330,frc1108,frc203,frc103,frc383,30,67
2006arc_qm32,frc1414,frc1610,frc836,frc75,frc120,frc1626,44,61
2006arc_qm33,frc468,frc174,frc191,frc1756,frc401,frc686,44,48
2006arc_qm34,frc1394,frc271,frc233,frc812,frc647,frc1302,80,2
2006arc_qm35,frc1654,frc245,frc1723,frc1023,frc69,frc555,5,60
2006arc_qm36,frc60,frc999,frc1323,frc1508,frc296,frc343,59,84
2006arc_qm37,frc522,frc375,frc1138,frc1266,frc744,frc499,56,19
2006arc_qm38,frc217,frc33,frc768,frc1367,frc1743,frc1816,76,0
2006arc_qm39,frc1880,frc1803,frc357,frc386,frc1714,frc159,49,15
2006arc_qm4,frc296,frc159,frc233,frc433,frc1414,frc1250,103,40
2006arc_qm40,frc226,frc1595,frc447,frc1902,frc1568,frc1184,10,31
2006arc_qm41,frc922,frc1675,frc308,frc4,frc47,frc433,21,9
2006arc_qm42,frc862,frc1279,frc486,frc292,frc1538,frc1549,30,36
2006arc_qm43,frc585,frc1057,frc1492,frc888,frc945,frc973,47,40
2006arc_qm44,frc20,frc1250,frc383,frc75,frc174,frc647,65,49
2006arc_qm45,frc555,frc343,frc1138,frc1743,frc138,frc1394,28,43
2006arc_qm46,frc1803,frc179,frc1450,frc1414,frc1756,frc1723,61,40
2006arc_qm47,frc1902,frc999,frc1266,frc768,frc1880,frc538,57,33
2006arc_qm48,frc308,frc1610,frc447,frc103,frc1654,frc126,14,46
2006arc_qm49,frc862,frc922,frc191,frc812,frc60,frc499,22,70
2006arc_qm5,frc217,frc1610,frc555,frc203,frc1279,frc1675,19,45
2006arc_qm50,frc486,frc888,frc47,frc1626,frc69,frc217,45,77
2006arc_qm51,frc386,frc226,frc585,frc233,frc292,frc203,48,63
2006arc_qm52,frc945,frc401,frc296,frc33,frc836,frc375,52,43
2006arc_qm53,frc1057,frc468,frc4,frc1538,frc1323,frc159,53,37
2006arc_qm54,frc1595,frc87,frc330,frc245,frc744,frc1367,41,36
2006arc_qm55,frc1492,frc1816,frc1714,frc1184,frc433,frc1279,62,24
2006arc_qm56,frc1941,frc686,frc1302,frc1023,frc120,frc1508,24,41
2006arc_qm57,frc1108,frc271,frc522,frc357,frc1568,frc1675,75,45
2006arc_qm58,frc1549,frc973,frc1250,frc1394,frc1756,frc1266,38,63
2006arc_qm59,frc1610,frc60,frc486,frc585,frc33,frc1138,55,68
2006arc_qm6,frc1902,frc945,frc1508,frc191,frc744,frc138,29,70
2006arc_qm60,frc47,frc1803,frc1902,frc292,frc1057,frc383,57,36
2006arc_qm61,frc245,frc126,frc922,frc401,frc20,frc1414,43,70
2006arc_qm62,frc1595,frc1816,frc343,frc203,frc4,frc1723,41,27
2006arc_qm63,frc1302,frc1714,frc191,frc69,frc1743,frc447,46,29
2006arc_qm64,frc357,frc1941,frc836,frc744,frc999,frc812,28,39
2006arc_qm65,frc1675,frc1538,frc330,frc1492,frc1023,frc647,53,41
2006arc_qm66,frc296,frc1568,frc179,frc138,frc103,frc499,51,14
2006arc_qm67,frc1880,frc1626,frc1367,frc1279,frc686,frc945,38,42
2006arc_qm68,frc233,frc1323,frc1184,frc174,frc538,frc308,128,35
2006arc_qm69,frc1108,frc217,frc386,frc1654,frc973,frc468,39,46
2006arc_qm7,frc686,frc1138,frc357,frc1450,frc1654,frc1057,40,10
2006arc_qm70,frc862,frc120,frc433,frc522,frc1450,frc226,21,43
2006arc_qm71,frc75,frc555,frc768,frc888,frc375,frc159,30,37
2006arc_qm72,frc87,frc1508,frc271,frc1549,frc47,frc1414,54,49
2006arc_qm73,frc1266,frc60,frc203,frc1743,frc1568,frc1057,67,2
2006arc_qm74,frc1714,frc812,frc1023,frc1250,frc1595,frc945,33,14
2006arc_qm75,frc486,frc103,frc1323,frc245,frc357,frc1902,103,38
2006arc_qm76,frc1279,frc174,frc1394,frc33,frc179,frc1654,17,109
2006arc_qm77,frc120,frc922,frc292,frc1108,frc744,frc647,54,39
2006arc_qm78,frc768,frc433,frc1756,frc343,frc447,frc1626,49,18
2006arc_qm79,frc401,frc1492,frc386,frc75,frc522,frc138,41,36
2006arc_qm8,frc1367,frc179,frc401,frc60,frc308,frc1549,33,28
2006arc_qm80,frc538,frc888,frc1367,frc1508,frc4,frc862,47,16
2006arc_qm81,frc585,frc555,frc1302,frc468,frc126,frc296,34,78
2006arc_qm82,frc383,frc1723,frc1941,frc1675,frc1138,frc159,42,52
2006arc_qm83,frc1549,frc330,frc1184,frc217,frc20,frc836,20,85
2006arc_qm84,frc1880,frc226,frc271,frc191,frc308,frc1816,25,54
2006arc_qm85,frc1450,frc375,frc1610,frc999,frc1538,frc233,27,55
2006arc_qm86,frc1803,frc69,frc499,frc686,frc973,frc87,36,25
2006arc_qm87,frc47,frc1568,frc1714,frc245,frc33,frc120,3,56
2006arc_qm88,frc1756,frc1492,frc538,frc555,frc60,frc744,33,95
2006arc_qm89,frc383,frc386,frc1279,frc4,frc1414,frc1302,21,56
2006arc_qm9,frc1743,frc226,frc87,frc1023,frc4,frc1756,23,42
2006arc_qm90,frc812,frc103,frc217,frc159,frc174,frc522,59,35
2006arc_qm91,frc343,frc1549,frc226,frc1057,frc922,frc945,63,13
2006arc_qm92,frc375,frc447,frc1880,frc330,frc486,frc1508,11,70
2006arc_qm93,frc973,frc233,frc126,frc1138,frc1595,frc1626,115,14
2006arc_qm94,frc999,frc179,frc1675,frc1816,frc69,frc75,43,50
2006arc_qm95,frc357,frc862,frc468,frc1266,frc1023,frc20,35,48
2006arc_qm96,frc308,frc296,frc1450,frc87,frc292,frc768,48,31
2006arc_qm97,frc191,frc1394,frc1323,frc203,frc1941,frc1803,64,17
2006arc_qm98,frc647,frc1367,frc1610,frc138,frc1723,frc1184,56,30
2006arc_qm99,frc271,frc686,frc1250,frc888,frc836,frc1902,48,90
2006arc_sf1m1,frc296,frc217,frc522,frc179,frc126,frc585,83,37
2006arc_sf1m2,frc296,frc217,frc522,frc179,frc126,frc585,34,71
2006arc_sf1m3,frc296,frc217,frc522,frc179,frc126,frc585,83,78
2006arc_sf2m1,frc401,frc271,frc1138,frc233,frc33,frc1902,50,67
2006arc_sf2m2,frc401,frc271,frc1138,frc233,frc33,frc1902,54,64
