2004az_0,Regional Chairman’s Award,frc330,
2004az_1,Regional Winner,frc1212,
2004az_1,Regional Winner,frc330,
2004az_1,Regional Winner,frc585,
2004az_10,Rookie All Star Award,frc1393,
2004az_13,Judges Award Friday,frc1492,
2004az_13,Judges Award Friday,frc1401,
2004az_14,Highest Rookie Seed Award,frc1324,
2004az_15,Rookie Inspiration Award,frc1456,
2004az_16,General Motors Industrial Design Award,frc980,
2004az_17,Motorola Quality Award,frc60,
2004az_19,Johnson & Johnson Sportsmanship Award (tie),frc498,
2004az_19,Johnson & Johnson Sportsmanship Award (tie),frc696,
2004az_19,Johnson & Johnson Sportsmanship Award (tie),frc80,
2004az_2,Regional Finalist,frc498,
2004az_2,Regional Finalist,frc696,
2004az_2,Regional Finalist,frc80,
2004az_20,Xerox Creativity Award,frc190,
2004az_22,Kleiner Perkins Caufield & Byers Entrepreneurship,frc234,
2004az_26,"Delphi ""Driving Tomorrow's Technology"" Award",frc585,
2004az_27,Imagery Award,frc991,
2004az_3,Regional Woodie Flowers Award,frc1011,Michael Rush
2004az_30,DaimlerChrysler Team Spirit Award,frc294,
2004az_31,Website Design Award,frc234,
2004az_32,Autodesk Visualization Award - Regional,frc192,
2004az_38,Leadership in Control Award,frc1212,
2004az_5,Outstanding Volunteer Award,,Don Knight
2004az_9,Engineering Inspiration Award,frc842,
