2004ca_0,Regional Chairman’s Award,frc294,
2004ca_1,Regional Winner,frc69,
2004ca_1,Regional Winner,frc980,
2004ca_1,Regional Winner,frc314,
2004ca_10,Rookie All Star Award,frc1266,
2004ca_13,Judges Award Friday,frc1135,
2004ca_13,Judges Award Friday,frc22,
2004ca_14,Highest Rookie Seed Award,frc1266,
2004ca_15,Rookie Inspiration Award,frc1452,
2004ca_16,General Motors Industrial Design Award,frc981,
2004ca_17,Motorola Quality Award,frc207,
2004ca_19,Johnson & Johnson Sportsmanship Award,frc599,
2004ca_2,Regional Finalist,frc1197,
2004ca_2,Regional Finalist,frc330,
2004ca_2,Regional Finalist,frc22,
2004ca_20,Xerox Creativity Award,frc69,
2004ca_22,Kleiner Perkins Caufield & Byers Entrepreneurship,frc991,
2004ca_26,"Delphi ""Driving Tomorrow's Technology"" Award",frc1047,
2004ca_27,Imagery Award,frc714,
2004ca_3,Regional Woodie Flowers Award,frc812,Robert Mainieri
2004ca_30,DaimlerChrysler Team Spirit Award,frc696,
2004ca_31,Website Design Award,frc691,
2004ca_32,Autodesk Visualization Award - Regional,frc399,
2004ca_38,Leadership in Control Award,frc980,
2004ca_5,Outstanding Volunteer Award (#1),,Nancy McIntyre
2004ca_5,Outstanding Volunteer Award (#1),,Ric Roberts
2004ca_5,Outstanding Volunteer Award (#1),,Jill Petty
2004ca_9,Engineering Inspiration Award,frc812,
