2003pa_f1m1,frc204,frc486,frc87,frc222,72,6
2003pa_f1m2,frc1218,frc486,frc87,frc222,63,58
2003pa_qf1m1,frc224,frc487,frc433,frc618,34,63
2003pa_qf1m2,frc224,frc383,frc433,frc651,39,35
2003pa_qf2m1,frc103,frc102,frc87,frc222,26,65
2003pa_qf2m2,frc103,frc316,frc87,frc272,3,150
2003pa_qf3m1,frc56,frc484,frc204,frc486,41,65
2003pa_qf3m2,frc56,frc96,frc204,frc1218,39,12
2003pa_qf4m1,frc365,frc341,frc1113,frc694,2,59
2003pa_qf4m2,frc365,frc522,frc1113,frc230,9,59
2003pa_qm1,frc561,frc486,frc816,frc381,13,61
2003pa_qm10,frc834,frc321,frc528,frc651,33,12
2003pa_qm11,frc694,frc357,frc96,frc484,6,69
2003pa_qm12,frc381,frc561,frc341,frc618,6,118
2003pa_qm13,frc1218,frc125,frc102,frc486,86,31
2003pa_qm14,frc709,frc222,frc103,frc1113,49,60
2003pa_qm15,frc528,frc433,frc300,frc816,43,19
2003pa_qm16,frc357,frc708,frc204,frc321,6,114
2003pa_qm17,frc694,frc56,frc444,frc145,114,37
2003pa_qm18,frc1143,frc398,frc316,frc522,5,59
2003pa_qm19,frc563,frc304,frc96,frc487,12,46
2003pa_qm2,frc125,frc1113,frc145,frc341,62,89
2003pa_qm20,frc87,frc422,frc122,frc230,72,45
2003pa_qm21,frc104,frc224,frc383,frc651,32,39
2003pa_qm22,frc272,frc834,frc365,frc484,6,85
2003pa_qm23,frc618,frc381,frc486,frc1218,3,94
2003pa_qm24,frc96,frc561,frc1113,frc709,33,11
2003pa_qm25,frc122,frc816,frc125,frc383,58,32
2003pa_qm26,frc321,frc528,frc341,frc272,70,48
2003pa_qm27,frc145,frc222,frc357,frc834,97,57
2003pa_qm28,frc694,frc102,frc522,frc433,6,34
2003pa_qm29,frc224,frc365,frc1143,frc708,42,12
2003pa_qm3,frc709,frc300,frc316,frc1218,41,76
2003pa_qm30,frc487,frc103,frc56,frc300,72,32
2003pa_qm31,frc563,frc230,frc398,frc204,57,37
2003pa_qm32,frc87,frc444,frc651,frc304,55,31
2003pa_qm33,frc104,frc316,frc422,frc484,61,64
2003pa_qm34,frc1218,frc618,frc709,frc56,57,59
2003pa_qm35,frc96,frc383,frc381,frc272,97,14
2003pa_qm36,frc122,frc561,frc398,frc321,59,35
2003pa_qm37,frc651,frc834,frc816,frc422,54,26
2003pa_qm38,frc145,frc104,frc486,frc433,43,61
2003pa_qm39,frc444,frc1113,frc708,frc528,57,35
2003pa_qm4,frc103,frc56,frc563,frc102,2,112
2003pa_qm40,frc316,frc694,frc222,frc125,53,24
2003pa_qm41,frc224,frc300,frc341,frc102,30,93
2003pa_qm42,frc487,frc204,frc365,frc357,51,38
2003pa_qm43,frc563,frc304,frc522,frc103,17,30
2003pa_qm44,frc1143,frc87,frc230,frc484,53,39
2003pa_qm45,frc56,frc1218,frc272,frc96,78,37
2003pa_qm46,frc321,frc341,frc618,frc422,39,34
2003pa_qm47,frc122,frc383,frc433,frc651,12,63
2003pa_qm48,frc709,frc1143,frc145,frc528,32,6
2003pa_qm49,frc561,frc365,frc444,frc304,12,52
2003pa_qm5,frc433,frc1143,frc87,frc222,28,119
2003pa_qm50,frc834,frc125,frc87,frc381,72,4
2003pa_qm51,frc522,frc316,frc104,frc398,20,73
2003pa_qm52,frc230,frc102,frc1113,frc816,62,70
2003pa_qm53,frc224,frc486,frc357,frc694,89,73
2003pa_qm54,frc487,frc708,frc300,frc103,35,61
2003pa_qm55,frc222,frc563,frc204,frc484,81,89
2003pa_qm56,frc96,frc56,frc422,frc321,86,36
2003pa_qm57,frc1113,frc1218,frc651,frc122,107,8
2003pa_qm58,frc528,frc341,frc304,frc272,42,46
2003pa_qm59,frc300,frc709,frc383,frc381,28,65
2003pa_qm6,frc444,frc487,frc104,frc708,8,61
2003pa_qm60,frc204,frc561,frc708,frc618,32,16
2003pa_qm61,frc398,frc834,frc222,frc357,37,63
2003pa_qm62,frc1143,frc563,frc522,frc816,6,114
2003pa_qm63,frc433,frc365,frc230,frc145,81,16
2003pa_qm64,frc125,frc694,frc316,frc444,45,35
2003pa_qm65,frc224,frc102,frc103,frc87,16,76
2003pa_qm66,frc487,frc104,frc486,frc484,80,32
2003pa_qm67,frc321,frc96,frc122,frc230,32,33
2003pa_qm68,frc1113,frc272,frc56,frc528,61,24
2003pa_qm69,frc381,frc1218,frc316,frc618,32,58
2003pa_qm7,frc522,frc230,frc272,frc398,62,10
2003pa_qm70,frc300,frc422,frc357,frc341,65,17
2003pa_qm71,frc204,frc104,frc816,frc102,31,47
2003pa_qm72,frc651,frc487,frc709,frc398,55,30
2003pa_qm73,frc1143,frc561,frc103,frc304,24,78
2003pa_qm74,frc486,frc145,frc433,frc834,13,76
2003pa_qm75,frc383,frc444,frc563,frc708,115,73
2003pa_qm76,frc125,frc365,frc87,frc222,64,27
2003pa_qm77,frc522,frc224,frc694,frc484,95,45
2003pa_qm78,frc230,frc321,frc528,frc1113,41,30
2003pa_qm79,frc618,frc433,frc96,frc381,76,68
2003pa_qm8,frc422,frc383,frc618,frc304,12,95
2003pa_qm80,frc341,frc563,frc272,frc300,45,57
2003pa_qm81,frc102,frc87,frc122,frc398,32,45
2003pa_qm82,frc1218,frc522,frc204,frc694,60,11
2003pa_qm83,frc56,frc304,frc651,frc365,45,97
2003pa_qm84,frc422,frc316,frc224,frc1143,40,43
2003pa_qm85,frc834,frc104,frc486,frc487,33,95
2003pa_qm86,frc357,frc708,frc561,frc816,43,42
2003pa_qm87,frc383,frc709,frc145,frc222,57,31
2003pa_qm88,frc125,frc103,frc444,frc484,66,43
2003pa_qm89,frc1113,frc230,frc381,frc618,72,15
2003pa_qm9,frc224,frc365,frc204,frc122,76,64
2003pa_qm90,frc486,frc300,frc321,frc341,65,30
2003pa_qm91,frc398,frc433,frc561,frc694,41,22
2003pa_qm92,frc102,frc145,frc528,frc365,10,101
2003pa_qm93,frc563,frc444,frc125,frc1218,12,65
2003pa_qm94,frc1143,frc709,frc56,frc96,41,82
2003pa_qm95,frc87,frc103,frc272,frc422,62,33
2003pa_qm96,frc522,frc487,frc122,frc304,68,78
2003pa_qm97,frc834,frc816,frc316,frc204,58,98
2003pa_qm98,frc357,frc104,frc222,frc651,13,72
2003pa_qm99,frc383,frc224,frc708,frc484,80,59
2003pa_sf1m1,frc433,frc618,frc204,frc486,49,49
2003pa_sf1m2,frc433,frc618,frc486,frc1218,16,34
2003pa_sf2m1,frc87,frc222,frc1113,frc694,76,47
2003pa_sf2m2,frc87,frc222,frc1113,frc694,94,27
