2004fl_0,Regional Chairman’s Award,frc312,
2004fl_1,Regional Winner,frc945,
2004fl_1,Regional Winner,frc61,
2004fl_1,Regional Winner,frc386,
2004fl_10,Rookie All Star Award,frc1251,
2004fl_13,Judges Award Friday,frc61,
2004fl_13,Judges Award Friday,frc179,
2004fl_14,Highest Rookie Seed Award,frc1402,
2004fl_15,Rookie Inspiration Award,frc1402,
2004fl_16,General Motors Industrial Design Award,frc762,
2004fl_17,Motorola Quality Award,frc845,
2004fl_19,Johnson & Johnson Sportsmanship Award,frc710,
2004fl_2,Regional Finalist,frc233,
2004fl_2,Regional Finalist,frc311,
2004fl_2,Regional Finalist,frc1144,
2004fl_20,Xerox Creativity Award,frc267,
2004fl_22,Kleiner Perkins Caufield & Byers Entrepreneurship,frc180,
2004fl_26,"Delphi ""Driving Tomorrow's Technology"" Award",frc945,
2004fl_27,Imagery Award,frc233,
2004fl_3,Regional Woodie Flowers Award,frc108,Ken Ardizzone
2004fl_30,DaimlerChrysler Team Spirit Award,frc79,
2004fl_31,Website Design Award,frc1068,
2004fl_32,Autodesk Visualization Award - Regional,frc386,
2004fl_38,Leadership in Control Award,frc386,
2004fl_5,Outstanding Volunteer Award,,Andy Knutson
2004fl_9,Engineering Inspiration Award,frc186,
