2004pa_0,Regional Chairman’s Award,frc341,
2004pa_1,Regional Winner,frc177,
2004pa_1,Regional Winner,frc381,
2004pa_1,Regional Winner,frc284,
2004pa_10,Rookie All Star Award,frc1391,
2004pa_13,Judges Award Friday,frc145,
2004pa_13,Judges Award Friday,frc618,
2004pa_14,Highest Rookie Seed Award,frc1391,
2004pa_15,Rookie Inspiration Award,frc1394,
2004pa_16,General Motors Industrial Design Award,frc272,
2004pa_17,Motorola Quality Award,frc222,
2004pa_19,Johnson & Johnson Sportsmanship Award,frc316,
2004pa_2,Regional Finalist,frc486,
2004pa_2,Regional Finalist,frc222,
2004pa_2,Regional Finalist,frc651,
2004pa_20,Xerox Creativity Award,frc177,
2004pa_22,Kleiner Perkins Caufield & Byers Entrepreneurship,frc103,
2004pa_26,"Delphi ""Driving Tomorrow's Technology"" Award",frc1218,
2004pa_27,Imagery Award,frc365,
2004pa_3,Regional Woodie Flowers Award,frc365,Joe Perrotto
2004pa_30,DaimlerChrysler Team Spirit Award,frc103,
2004pa_31,Website Design Award,frc365,
2004pa_32,Autodesk Visualization Award - Regional,frc357,
2004pa_38,Leadership in Control Award,frc87,
2004pa_5,Outstanding Volunteer Award,,Frank Larkin
2004pa_9,Engineering Inspiration Award,frc357,
