2004pa_f1m1,frc177,frc381,frc284,frc486,frc222,frc651,105,80
2004pa_f1m2,frc177,frc381,frc284,frc486,frc222,frc651,45,80
2004pa_f1m3,frc177,frc381,frc284,frc486,frc222,frc651,110,90
2004pa_qf1m1,frc272,frc224,frc316,frc1370,frc1143,frc365,125,75
2004pa_qf1m2,frc272,frc224,frc316,frc1370,frc1143,frc365,160,120
2004pa_qf2m1,frc177,frc381,frc284,frc1218,frc341,frc204,80,70
2004pa_qf2m2,frc177,frc381,frc284,frc1218,frc341,frc204,55,10
2004pa_qf3m1,frc56,frc1391,frc809,frc358,frc87,frc1113,75,125
2004pa_qf3m2,frc56,frc1391,frc809,frc358,frc87,frc1113,80,20
2004pa_qf3m3,frc56,frc1391,frc809,frc358,frc87,frc1113,150,75
2004pa_qf4m1,frc486,frc222,frc651,frc484,frc103,frc75,105,70
2004pa_qf4m2,frc486,frc222,frc651,frc484,frc103,frc75,100,70
2004pa_qm1,frc528,frc381,frc321,frc1391,120,85
2004pa_qm10,frc708,frc1394,frc177,frc341,35,75
2004pa_qm11,frc816,frc304,frc365,frc444,70,25
2004pa_qm12,frc1113,frc87,frc1391,frc528,10,35
2004pa_qm13,frc1218,frc223,frc381,frc321,25,70
2004pa_qm14,frc1495,frc316,frc563,frc810,70,25
2004pa_qm15,frc357,frc204,frc284,frc222,30,150
2004pa_qm16,frc103,frc75,frc145,frc809,75,105
2004pa_qm17,frc1370,frc1384,frc272,frc487,60,120
2004pa_qm18,frc484,frc834,frc358,frc56,55,110
2004pa_qm19,frc433,frc104,frc618,frc651,95,50
2004pa_qm2,frc223,frc1113,frc87,frc1218,20,85
2004pa_qm20,frc1394,frc177,frc224,frc486,90,145
2004pa_qm21,frc341,frc708,frc709,frc1143,30,50
2004pa_qm22,frc444,frc816,frc304,frc365,20,20
2004pa_qm23,frc321,frc1218,frc87,frc1391,70,150
2004pa_qm24,frc223,frc381,frc528,frc1113,75,15
2004pa_qm25,frc222,frc357,frc316,frc563,130,80
2004pa_qm26,frc810,frc1495,frc444,frc304,5,20
2004pa_qm27,frc204,frc284,frc816,frc365,60,25
2004pa_qm28,frc1384,frc272,frc809,frc103,100,60
2004pa_qm29,frc487,frc1370,frc75,frc145,55,50
2004pa_qm3,frc222,frc563,frc810,frc284,120,75
2004pa_qm30,frc104,frc618,frc56,frc484,20,185
2004pa_qm31,frc651,frc433,frc834,frc358,80,20
2004pa_qm32,frc708,frc709,frc486,frc1394,5,90
2004pa_qm33,frc1143,frc341,frc177,frc224,80,105
2004pa_qm34,frc304,frc528,frc1218,frc222,75,135
2004pa_qm35,frc1391,frc316,frc223,frc444,75,25
2004pa_qm36,frc1113,frc810,frc321,frc816,65,65
2004pa_qm37,frc365,frc87,frc381,frc809,120,120
2004pa_qm38,frc272,frc75,frc563,frc204,100,30
2004pa_qm39,frc103,frc104,frc357,frc487,30,20
2004pa_qm4,frc316,frc357,frc204,frc1495,60,20
2004pa_qm40,frc284,frc56,frc1495,frc1384,80,70
2004pa_qm41,frc484,frc486,frc145,frc651,130,110
2004pa_qm42,frc618,frc708,frc1370,frc834,10,45
2004pa_qm43,frc358,frc709,frc433,frc177,15,30
2004pa_qm44,frc224,frc1143,frc341,frc1394,130,20
2004pa_qm45,frc1391,frc223,frc222,frc304,120,70
2004pa_qm46,frc528,frc1218,frc316,frc444,85,10
2004pa_qm47,frc810,frc816,frc433,frc358,20,35
2004pa_qm48,frc365,frc321,frc341,frc224,15,75
2004pa_qm49,frc809,frc1113,frc1394,frc1143,120,15
2004pa_qm5,frc809,frc272,frc487,frc145,80,45
2004pa_qm50,frc75,frc563,frc87,frc381,80,110
2004pa_qm51,frc56,frc272,frc486,frc357,145,60
2004pa_qm52,frc104,frc1495,frc204,frc103,40,15
2004pa_qm53,frc487,frc284,frc651,frc484,30,125
2004pa_qm54,frc1384,frc145,frc834,frc618,20,60
2004pa_qm55,frc709,frc177,frc708,frc1370,60,55
2004pa_qm56,frc224,frc433,frc304,frc223,75,75
2004pa_qm57,frc444,frc222,frc358,frc1143,150,135
2004pa_qm58,frc816,frc809,frc316,frc341,75,120
2004pa_qm59,frc528,frc365,frc177,frc708,25,80
2004pa_qm6,frc1384,frc103,frc75,frc1370,60,105
2004pa_qm60,frc810,frc1391,frc709,frc1394,85,25
2004pa_qm61,frc563,frc487,frc1218,frc56,25,140
2004pa_qm62,frc357,frc75,frc1113,frc321,25,65
2004pa_qm63,frc272,frc486,frc381,frc104,120,80
2004pa_qm64,frc284,frc651,frc103,frc87,70,110
2004pa_qm65,frc484,frc204,frc1370,frc1495,70,80
2004pa_qm66,frc145,frc834,frc618,frc1384,40,15
2004pa_qm67,frc816,frc224,frc222,frc708,125,30
2004pa_qm68,frc1143,frc177,frc433,frc304,115,20
2004pa_qm69,frc1495,frc358,frc365,frc341,100,15
2004pa_qm7,frc651,frc358,frc56,frc618,130,105
2004pa_qm70,frc1394,frc444,frc204,frc618,5,35
2004pa_qm71,frc1384,frc834,frc223,frc709,60,30
2004pa_qm72,frc56,frc1391,frc145,frc316,190,70
2004pa_qm73,frc809,frc1218,frc357,frc810,70,65
2004pa_qm74,frc486,frc563,frc487,frc1113,135,70
2004pa_qm75,frc484,frc381,frc103,frc528,75,60
2004pa_qm76,frc321,frc272,frc75,frc284,105,75
2004pa_qm77,frc87,frc1370,frc651,frc104,105,105
2004pa_qm78,frc618,frc433,frc708,frc224,15,105
2004pa_qm79,frc834,frc528,frc1143,frc816,30,75
2004pa_qm8,frc834,frc433,frc104,frc484,5,20
2004pa_qm80,frc341,frc204,frc304,frc1384,75,20
2004pa_qm81,frc177,frc358,frc1495,frc75,40,20
2004pa_qm82,frc1394,frc651,frc444,frc321,30,35
2004pa_qm83,frc87,frc145,frc709,frc365,70,85
2004pa_qm84,frc56,frc357,frc381,frc810,100,80
2004pa_qm85,frc104,frc563,frc1391,frc809,90,85
2004pa_qm86,frc103,frc484,frc1218,frc316,80,105
2004pa_qm87,frc1113,frc222,frc1370,frc272,170,90
2004pa_qm88,frc487,frc223,frc284,frc486,10,130
2004pa_qm89,frc224,frc528,frc204,frc834,70,90
2004pa_qm9,frc486,frc709,frc1143,frc224,70,25
2004pa_qm90,frc75,frc1143,frc816,frc618,80,65
2004pa_qm91,frc1384,frc341,frc433,frc87,130,20
2004pa_qm92,frc304,frc487,frc321,frc708,15,20
2004pa_qm93,frc145,frc1394,frc651,frc1495,35,75
2004pa_qm94,frc358,frc365,frc104,frc709,100,40
2004pa_qm95,frc381,frc56,frc177,frc444,120,60
2004pa_qm96,frc809,frc357,frc223,frc486,75,170
2004pa_qm97,frc1370,frc484,frc563,frc1391,105,45
2004pa_qm98,frc810,frc103,frc272,frc1113,85,150
2004pa_qm99,frc316,frc1218,frc222,frc284,120,140
2004pa_sf1m1,frc272,frc224,frc316,frc177,frc381,frc284,70,100
2004pa_sf1m2,frc272,frc224,frc316,frc177,frc381,frc284,95,105
2004pa_sf2m1,frc56,frc1391,frc809,frc486,frc222,frc651,90,185
2004pa_sf2m2,frc56,frc1391,frc809,frc486,frc222,frc651,95,40
2004pa_sf2m3,frc56,frc1391,frc809,frc486,frc222,frc651,55,120
