2006co_0,Regional Chairman's Award,frc159,
2006co_1,Regional Winner,frc935,
2006co_1,Regional Winner,frc1158,
2006co_1,Regional Winner,frc1977,
2006co_10,Rookie All-Star Award,frc1730,
2006co_13,Judge's Award (Day 1),frc1653,
2006co_13,Judge's Award (Day 1),frc1789,
2006co_14,Highest Rookie Seed Award,frc1802,
2006co_15,Rookie Inspiration Award,frc1777,
2006co_16,General Motors Industrial Design Award,frc1216,
2006co_17,Motorola Quality Award,frc935,
2006co_18,Underwriters Laboratories Industrial Safety Award,frc1583,
2006co_19,Johnson and Johnson Sportsmanship Award,frc1619,
2006co_2,Regional Finalist,frc456,
2006co_2,Regional Finalist,frc1303,
2006co_2,Regional Finalist,frc1800,
2006co_2,Regional Finalist,frc938,
2006co_20,Xerox Creativity Award,frc1977,
2006co_22,"Kleiner, Perkins, Caufield and Byers Entrepreneurship Award",frc1332,
2006co_26,"Delphi ""Driving Tommorow's Technology"" Award",frc1636,
2006co_27,Imagery Award,frc1583,
2006co_29,Radio Shack Innovation in Control Award,frc159,
2006co_3,Regional Woodie Flowers Award,frc1583,Chuck Brant-1583
2006co_30,DaimlerChrysler Team Spirit Award,frc1332,
2006co_31,Website Award,frc1730,
2006co_32,Autodesk Visualization Award,frc662,
2006co_5,Outstanding Volunteer of the Year Award,,Dawn Lutz
2006co_9,Engineering Inspiration Award,frc1158,
