2002on_0,Regional Chairmans Award,frc188,
2002on_1,Regional Winner,frc610,
2002on_1,Regional Winner,frc781,
2002on_1,Regional Winner,frc865,
2002on_10,Rookie All Star Award - Friday,frc783,
2002on_10,Rookie All Star Award - Friday,frc913,
2002on_13,Judges Award - Friday,frc276,
2002on_13,Judges Award - Friday,frc229,
2002on_14,Highest Rookie Seed,frc907,
2002on_16,GM Industrial Design Award,frc639,
2002on_17,Motorola Quality Award,frc233,
2002on_19,Johnson & Johnson Sportsmanship Award,frc907,
2002on_2,Regional Finalist,frc639,
2002on_2,Regional Finalist,frc379,
2002on_2,Regional Finalist,frc758,
2002on_20,Xerox Creativity Award,frc11,
2002on_22,Kleiner Perkins Caufield & Byers Entrepreneurship,frc5,
2002on_26,"Delphi ""Driving Tomorrows Technology Award",frc291,
2002on_27,Imagery Award,frc885,
2002on_30,DaimlerChrysler Team Spirit Award,frc771,
2002on_38,Leadership in Control Award,frc48,
2002on_39,#1 Seed,frc233,
2002on_40,Incredible Play Award,frc233,
2002on_9,Engineering Inspiration Award,frc610,
