2002on_f1m1,frc610,frc781,frc865,frc639,frc379,frc758,32,30
2002on_f1m2,frc610,frc781,frc865,frc639,frc379,frc758,25,25
2002on_f1m3,frc610,frc781,frc865,frc639,frc379,frc758,31,21
2002on_qf1m1,frc233,frc63,frc378,frc610,frc781,frc865,46,10
2002on_qf1m2,frc233,frc63,frc378,frc610,frc781,frc865,12,19
2002on_qf1m3,frc233,frc63,frc378,frc610,frc781,frc865,10,21
2002on_qf2m1,frc783,frc291,frc5,frc11,frc891,frc222,22,37
2002on_qf2m2,frc783,frc291,frc5,frc11,frc891,frc222,32,31
2002on_qf2m3,frc783,frc291,frc5,frc11,frc891,frc222,11,21
2002on_qf3m1,frc48,frc188,frc229,frc773,frc578,frc849,32,24
2002on_qf3m2,frc48,frc188,frc229,frc773,frc578,frc849,34,0
2002on_qf4m1,frc907,frc247,frc885,frc639,frc379,frc758,21,42
2002on_qf4m2,frc907,frc247,frc885,frc639,frc379,frc758,20,32
2002on_qm1,frc247,frc773,frc233,frc783,41,34
2002on_qm10,frc907,frc820,frc912,frc276,40,32
2002on_qm11,frc641,frc917,frc222,frc772,34,54
2002on_qm12,frc515,frc63,frc913,frc247,37,31
2002on_qm13,frc781,frc915,frc11,frc296,40,39
2002on_qm14,frc849,frc5,frc758,frc229,20,41
2002on_qm15,frc771,frc863,frc188,frc639,20,32
2002on_qm16,frc886,frc854,frc885,frc776,21,22
2002on_qm17,frc379,frc291,frc610,frc578,20,28
2002on_qm18,frc897,frc914,frc276,frc865,32,21
2002on_qm19,frc918,frc912,frc772,frc919,33,21
2002on_qm2,frc296,frc515,frc891,frc48,30,33
2002on_qm20,frc820,frc222,frc783,frc378,31,40
2002on_qm21,frc917,frc233,frc48,frc907,47,52
2002on_qm22,frc773,frc891,frc843,frc641,35,32
2002on_qm23,frc5,frc188,frc247,frc781,20,30
2002on_qm24,frc863,frc885,frc296,frc849,31,35
2002on_qm25,frc854,frc610,frc229,frc771,34,29
2002on_qm26,frc291,frc276,frc639,frc886,31,31
2002on_qm27,frc914,frc772,frc776,frc379,36,50
2002on_qm28,frc912,frc783,frc578,frc897,35,25
2002on_qm29,frc222,frc48,frc865,frc918,44,12
2002on_qm3,frc229,frc781,frc63,frc843,10,37
2002on_qm30,frc233,frc843,frc919,frc820,40,23
2002on_qm31,frc891,frc913,frc378,frc917,31,25
2002on_qm32,frc63,frc11,frc907,frc773,42,38
2002on_qm33,frc915,frc758,frc641,frc515,38,30
2002on_qm34,frc276,frc247,frc849,frc854,31,27
2002on_qm35,frc772,frc296,frc771,frc291,32,33
2002on_qm36,frc783,frc229,frc886,frc914,41,35
2002on_qm37,frc48,frc639,frc379,frc912,44,41
2002on_qm38,frc843,frc776,frc897,frc222,34,22
2002on_qm39,frc913,frc578,frc918,frc233,31,46
2002on_qm4,frc639,frc849,frc915,frc913,25,11
2002on_qm40,frc11,frc865,frc820,frc891,34,0
2002on_qm41,frc758,frc919,frc917,frc63,21,21
2002on_qm42,frc188,frc378,frc773,frc915,46,10
2002on_qm43,frc885,frc907,frc515,frc5,32,27
2002on_qm44,frc610,frc641,frc781,frc863,20,32
2002on_qm45,frc247,frc771,frc914,frc48,34,32
2002on_qm46,frc296,frc886,frc912,frc843,32,37
2002on_qm47,frc229,frc379,frc222,frc913,20,16
2002on_qm48,frc639,frc897,frc233,frc11,31,40
2002on_qm49,frc776,frc918,frc891,frc758,11,27
2002on_qm5,frc776,frc771,frc5,frc11,27,58
2002on_qm50,frc578,frc820,frc63,frc188,30,30
2002on_qm51,frc865,frc917,frc915,frc885,30,36
2002on_qm52,frc919,frc773,frc5,frc610,30,33
2002on_qm53,frc378,frc515,frc863,frc276,33,22
2002on_qm54,frc907,frc781,frc854,frc772,35,30
2002on_qm55,frc641,frc849,frc291,frc783,37,38
2002on_qm56,frc886,frc222,frc11,frc247,35,40
2002on_qm57,frc379,frc233,frc758,frc296,51,43
2002on_qm58,frc897,frc891,frc188,frc229,12,25
2002on_qm59,frc918,frc63,frc885,frc639,30,12
2002on_qm6,frc578,frc886,frc863,frc758,26,36
2002on_qm60,frc820,frc915,frc610,frc776,16,20
2002on_qm61,frc917,frc5,frc276,frc578,42,21
2002on_qm62,frc773,frc863,frc772,frc865,36,24
2002on_qm63,frc515,frc854,frc783,frc919,25,27
2002on_qm64,frc781,frc291,frc48,frc378,30,26
2002on_qm65,frc849,frc914,frc843,frc907,37,10
2002on_qm66,frc771,frc912,frc913,frc641,31,22
2002on_qm67,frc891,frc885,frc247,frc379,36,31
2002on_qm68,frc63,frc610,frc296,frc897,36,21
2002on_qm69,frc915,frc276,frc229,frc918,33,45
2002on_qm7,frc865,frc379,frc854,frc188,30,31
2002on_qm70,frc5,frc772,frc639,frc820,34,35
2002on_qm71,frc863,frc783,frc776,frc917,46,20
2002on_qm72,frc854,frc48,frc578,frc773,33,30
2002on_qm73,frc291,frc843,frc865,frc515,20,42
2002on_qm74,frc914,frc913,frc919,frc781,20,27
2002on_qm75,frc912,frc11,frc378,frc849,28,34
2002on_qm76,frc222,frc758,frc907,frc771,26,21
2002on_qm77,frc233,frc188,frc641,frc886,59,52
2002on_qm78,frc772,frc247,frc897,frc915,30,37
2002on_qm79,frc783,frc296,frc918,frc5,45,31
2002on_qm8,frc919,frc897,frc291,frc885,10,31
2002on_qm80,frc48,frc229,frc820,frc863,57,30
2002on_qm81,frc843,frc639,frc917,frc854,32,30
2002on_qm82,frc913,frc776,frc773,frc291,34,36
2002on_qm83,frc11,frc578,frc515,frc914,31,47
2002on_qm84,frc758,frc865,frc781,frc912,27,22
2002on_qm85,frc188,frc919,frc849,frc222,53,4
2002on_qm86,frc885,frc378,frc771,frc233,44,45
2002on_qm87,frc610,frc907,frc886,frc891,37,30
2002on_qm88,frc276,frc641,frc379,frc63,20,50
2002on_qm89,frc247,frc918,frc863,frc843,29,1
2002on_qm9,frc378,frc918,frc914,frc610,43,22
2002on_qm90,frc296,frc820,frc854,frc913,55,0
2002on_qm91,frc229,frc917,frc291,frc11,29,35
2002on_qm92,frc639,frc773,frc914,frc758,36,30
2002on_qm93,frc776,frc515,frc912,frc188,14,30
2002on_qm94,frc578,frc781,frc222,frc885,31,22
2002on_qm95,frc865,frc849,frc233,frc610,32,38
2002on_qm96,frc919,frc771,frc891,frc276,14,32
2002on_qm97,frc378,frc886,frc63,frc772,37,38
2002on_qm98,frc907,frc379,frc915,frc783,40,36
2002on_qm99,frc641,frc897,frc5,frc48,47,56
2002on_sf1m1,frc610,frc781,frc865,frc11,frc891,frc222,32,26
2002on_sf1m2,frc610,frc781,frc865,frc11,frc891,frc222,34,21
2002on_sf2m1,frc48,frc188,frc229,frc639,frc379,frc758,0,47
2002on_sf2m2,frc48,frc188,frc229,frc639,frc379,frc758,32,10
2002on_sf2m3,frc48,frc188,frc229,frc639,frc379,frc758,20,32
