2006ca_f1m1,frc599,frc330,frc995,frc968,frc1138,frc4,39,41
2006ca_f1m2,frc599,frc330,frc995,frc968,frc1138,frc4,34,39
2006ca_qf1m1,frc599,frc330,frc995,frc1452,frc1266,frc1972,87,7
2006ca_qf1m2,frc599,frc330,frc995,frc1452,frc1266,frc1972,57,17
2006ca_qf2m1,frc606,frc1759,frc980,frc597,frc501,frc634,38,21
2006ca_qf2m2,frc606,frc1759,frc980,frc597,frc501,frc634,46,51
2006ca_qf2m3,frc606,frc1759,frc980,frc597,frc501,frc634,36,59
2006ca_qf3m1,frc968,frc1138,frc4,frc867,frc848,frc207,103,21
2006ca_qf3m2,frc968,frc1138,frc4,frc867,frc848,frc207,100,9
2006ca_qf4m1,frc362,frc294,frc589,frc1070,frc1722,frc687,25,30
2006ca_qf4m2,frc362,frc294,frc589,frc1070,frc1722,frc687,43,34
2006ca_qf4m3,frc362,frc294,frc589,frc1070,frc1722,frc687,21,46
2006ca_qm1,frc974,frc812,frc1047,frc867,frc1070,frc599,6,58
2006ca_qm10,frc362,frc867,frc691,frc207,frc597,frc702,39,31
2006ca_qm11,frc330,frc1047,frc1515,frc1452,frc1692,frc4,29,4
2006ca_qm12,frc1851,frc501,frc599,frc22,frc1925,frc1972,79,20
2006ca_qm13,frc1266,frc1661,frc687,frc1836,frc812,frc1148,23,14
2006ca_qm14,frc1717,frc968,frc1160,frc1110,frc1438,frc1197,73,21
2006ca_qm15,frc1138,frc294,frc1622,frc980,frc974,frc634,37,17
2006ca_qm16,frc995,frc1644,frc580,frc981,frc589,frc1759,7,43
2006ca_qm17,frc696,frc606,frc848,frc1855,frc702,frc1692,17,7
2006ca_qm18,frc1702,frc1851,frc1148,frc867,frc330,frc1266,7,42
2006ca_qm19,frc1438,frc1070,frc22,frc362,frc1452,frc687,18,41
2006ca_qm2,frc1515,frc22,frc691,frc1682,frc634,frc1148,7,44
2006ca_qm20,frc294,frc1717,frc1722,frc599,frc207,frc4,23,72
2006ca_qm21,frc1759,frc634,frc968,frc1925,frc812,frc597,93,16
2006ca_qm22,frc696,frc589,frc980,frc1160,frc1515,frc1661,29,6
2006ca_qm23,frc995,frc974,frc848,frc501,frc1197,frc691,18,15
2006ca_qm24,frc1644,frc1138,frc1972,frc1110,frc1682,frc1047,24,2
2006ca_qm25,frc981,frc1855,frc1836,frc1622,frc580,frc606,12,23
2006ca_qm26,frc702,frc1266,frc1452,frc1722,frc1759,frc1851,18,51
2006ca_qm27,frc696,frc634,frc1070,frc207,frc330,frc1438,28,71
2006ca_qm28,frc1197,frc1661,frc599,frc1692,frc1702,frc691,39,8
2006ca_qm29,frc1644,frc974,frc1160,frc22,frc4,frc597,7,28
2006ca_qm3,frc1925,frc1702,frc580,frc1452,frc207,frc1110,11,18
2006ca_qm30,frc580,frc1138,frc812,frc501,frc1515,frc362,17,18
2006ca_qm31,frc1855,frc1110,frc294,frc1148,frc589,frc848,28,20
2006ca_qm32,frc981,frc968,frc1047,frc687,frc980,frc1717,39,37
2006ca_qm33,frc1972,frc606,frc867,frc995,frc1836,frc1925,18,1
2006ca_qm34,frc1682,frc1622,frc1266,frc1438,frc599,frc702,29,59
2006ca_qm35,frc580,frc691,frc696,frc4,frc1851,frc812,16,16
2006ca_qm36,frc1855,frc1644,frc634,frc1702,frc501,frc1722,13,33
2006ca_qm37,frc968,frc589,frc974,frc1452,frc330,frc1138,11,51
2006ca_qm38,frc1972,frc687,frc848,frc1515,frc207,frc1197,38,28
2006ca_qm39,frc606,frc980,frc597,frc1148,frc1047,frc995,29,15
2006ca_qm4,frc1438,frc597,frc1722,frc1972,frc1692,frc981,19,18
2006ca_qm40,frc1160,frc1836,frc1070,frc294,frc1692,frc1925,47,16
2006ca_qm41,frc981,frc1682,frc362,frc1661,frc1759,frc1110,32,40
2006ca_qm42,frc22,frc1717,frc867,frc1622,frc589,frc812,8,27
2006ca_qm43,frc1266,frc848,frc968,frc580,frc1972,frc634,16,15
2006ca_qm44,frc606,frc1438,frc691,frc1138,frc1722,frc687,9,65
2006ca_qm45,frc1047,frc1925,frc702,frc330,frc1855,frc1197,0,58
2006ca_qm46,frc1682,frc1160,frc1851,frc207,frc995,frc1692,12,31
2006ca_qm47,frc981,frc22,frc294,frc1702,frc696,frc362,22,29
2006ca_qm48,frc974,frc1661,frc1717,frc597,frc501,frc1452,10,48
2006ca_qm49,frc1148,frc1622,frc4,frc1070,frc1644,frc1515,28,41
2006ca_qm5,frc702,frc4,frc362,frc1836,frc589,frc1197,8,0
2006ca_qm50,frc867,frc1759,frc980,frc599,frc1836,frc1110,43,45
2006ca_qm51,frc702,frc812,frc1972,frc1160,frc606,frc330,2,45
2006ca_qm52,frc981,frc848,frc1138,frc1851,frc1925,frc1438,21,9
2006ca_qm53,frc974,frc1702,frc687,frc1682,frc1855,frc968,2,33
2006ca_qm54,frc4,frc1266,frc501,frc1047,frc589,frc207,51,18
2006ca_qm55,frc867,frc1515,frc294,frc1759,frc1197,frc597,28,43
2006ca_qm56,frc22,frc1661,frc580,frc1722,frc995,frc1070,15,62
2006ca_qm57,frc980,frc691,frc1452,frc1644,frc1836,frc696,67,13
2006ca_qm58,frc1622,frc1110,frc1692,frc634,frc362,frc1717,20,44
2006ca_qm59,frc1148,frc599,frc981,frc1160,frc1138,frc702,71,25
2006ca_qm6,frc330,frc501,frc1622,frc1759,frc1160,frc687,28,27
2006ca_qm60,frc867,frc4,frc968,frc1855,frc1438,frc501,80,18
2006ca_qm61,frc1972,frc1070,frc1759,frc1702,frc589,frc1851,58,14
2006ca_qm62,frc980,frc1197,frc580,frc330,frc22,frc1682,6,22
2006ca_qm63,frc1717,frc1836,frc1515,frc974,frc1722,frc696,9,16
2006ca_qm64,frc1148,frc362,frc1925,frc1644,frc1692,frc687,34,5
2006ca_qm65,frc606,frc634,frc599,frc1452,frc848,frc597,33,17
2006ca_qm66,frc207,frc1661,frc1622,frc1047,frc691,frc294,39,30
2006ca_qm67,frc1266,frc1110,frc812,frc995,frc4,frc981,23,19
2006ca_qm68,frc702,frc974,frc580,frc1438,frc1702,frc1515,12,6
2006ca_qm69,frc867,frc696,frc687,frc1682,frc1925,frc589,21,2
2006ca_qm7,frc1661,frc968,frc1851,frc1644,frc294,frc606,36,8
2006ca_qm70,frc606,frc1717,frc1759,frc1148,frc1197,frc1070,55,23
2006ca_qm71,frc634,frc1047,frc1160,frc362,frc1851,frc1855,27,14
2006ca_qm72,frc294,frc1452,frc1972,frc995,frc812,frc980,46,26
2006ca_qm73,frc691,frc1266,frc1692,frc968,frc22,frc1138,0,63
2006ca_qm74,frc501,frc1110,frc1722,frc330,frc597,frc1836,32,59
2006ca_qm75,frc599,frc1644,frc207,frc848,frc1661,frc1622,78,21
2006ca_qm8,frc1717,frc1855,frc1138,frc1266,frc995,frc696,20,16
2006ca_qm9,frc980,frc848,frc1070,frc1682,frc1702,frc1722,40,16
2006ca_sf1m1,frc599,frc330,frc995,frc597,frc501,frc634,69,54
2006ca_sf1m2,frc599,frc330,frc995,frc597,frc501,frc634,72,20
2006ca_sf2m1,frc968,frc1138,frc4,frc1070,frc1722,frc687,62,23
2006ca_sf2m2,frc968,frc1138,frc4,frc1070,frc1722,frc687,109,23
