2006ga_0,Regional Chairman's Award,frc1002,
2006ga_1,Regional Winner,frc1261,
2006ga_1,Regional Winner,frc1414,
2006ga_1,Regional Winner,frc1057,
2006ga_10,Rookie All-Star Award,frc1746,
2006ga_13,Judge's Award (Day 1),frc1304,
2006ga_13,Judge's Award (Day 1),frc1533,
2006ga_14,Highest Rookie Seed Award,frc1734,
2006ga_15,Rookie Inspiration Award,frc1927,
2006ga_16,General Motors Industrial Design Award,frc538,
2006ga_17,Motorola Quality Award,frc590,
2006ga_18,Underwriters Laboratories Industrial Safety Award,frc1261,
2006ga_19,Johnson and Johnson Sportsmanship Award,frc281,
2006ga_2,Regional Finalist,frc590,
2006ga_2,Regional Finalist,frc1683,
2006ga_2,Regional Finalist,frc281,
2006ga_20,Xerox Creativity Award,frc1127,
2006ga_22,"Kleiner, Perkins, Caufield and Byers Entrepreneurship Award",frc34,
2006ga_26,"Delphi ""Driving Tommorow's Technology"" Award",frc1261,
2006ga_27,Imagery Award,frc1746,
2006ga_29,Radio Shack Innovation in Control Award,frc116,
2006ga_3,Regional Woodie Flowers Award,frc116,Mike Wherley - 116
2006ga_30,DaimlerChrysler Team Spirit Award,frc1414,
2006ga_31,Website Award,frc1533,
2006ga_32,Autodesk Visualization Award,frc1414,
2006ga_5,Outstanding Volunteer of the Year Award,,Paul Ohme
2006ga_9,Engineering Inspiration Award,frc1102,
