2003tx_f1m1,frc1108,frc34,frc1010,frc118,8,54
2003tx_f1m2,frc1108,frc34,frc1010,frc118,35,33
2003tx_qf1m1,frc1108,frc34,frc441,frc499,128,21
2003tx_qf1m2,frc1108,frc647,frc441,frc457,106,1
2003tx_qf2m1,frc148,frc231,frc437,frc660,69,12
2003tx_qf2m2,frc57,frc231,frc437,frc1205,35,16
2003tx_qf3m1,frc624,frc238,frc446,frc750,35,41
2003tx_qf3m2,frc624,frc178,frc446,frc418,61,117
2003tx_qf4m1,frc364,frc1164,frc1010,frc118,67,2
2003tx_qf4m2,frc364,frc1201,frc1010,frc704,34,36
2003tx_qm1,frc922,frc750,frc704,frc499,4,64
2003tx_qm10,frc238,frc34,frc148,frc647,8,65
2003tx_qm11,frc943,frc499,frc1201,frc418,43,68
2003tx_qm12,frc653,frc1205,frc660,frc446,5,9
2003tx_qm13,frc1162,frc118,frc1108,frc1214,5,45
2003tx_qm14,frc364,frc441,frc437,frc231,110,28
2003tx_qm15,frc178,frc57,frc590,frc704,76,10
2003tx_qm16,frc457,frc750,frc943,frc1205,85,49
2003tx_qm17,frc624,frc647,frc653,frc118,73,11
2003tx_qm18,frc148,frc418,frc1162,frc441,54,31
2003tx_qm19,frc1201,frc446,frc364,frc57,54,46
2003tx_qm2,frc34,frc624,frc1010,frc1162,45,40
2003tx_qm20,frc1214,frc660,frc178,frc750,16,40
2003tx_qm21,frc1108,frc231,frc457,frc1164,110,85
2003tx_qm22,frc704,frc922,frc437,frc34,21,39
2003tx_qm23,frc1010,frc238,frc590,frc499,42,27
2003tx_qm24,frc1235,frc441,frc1214,frc1162,48,20
2003tx_qm25,frc647,frc57,frc1108,frc418,45,48
2003tx_qm26,frc364,frc750,frc704,frc178,67,30
2003tx_qm27,frc446,frc1164,frc1010,frc457,114,9
2003tx_qm28,frc660,frc34,frc1235,frc437,94,30
2003tx_qm29,frc231,frc499,frc624,frc1205,70,13
2003tx_qm3,frc943,frc238,frc1164,frc118,10,37
2003tx_qm30,frc922,frc590,frc148,frc943,7,45
2003tx_qm31,frc238,frc118,frc1201,frc653,49,30
2003tx_qm32,frc704,frc457,frc750,frc647,12,89
2003tx_qm33,frc1010,frc437,frc364,frc1164,37,84
2003tx_qm34,frc1235,frc1205,frc34,frc446,10,65
2003tx_qm35,frc624,frc943,frc499,frc660,10,54
2003tx_qm36,frc148,frc653,frc231,frc590,140,10
2003tx_qm37,frc1201,frc1162,frc922,frc1214,8,53
2003tx_qm38,frc118,frc418,frc441,frc238,60,33
2003tx_qm39,frc1108,frc178,frc57,frc1205,73,33
2003tx_qm4,frc653,frc647,frc1235,frc441,126,10
2003tx_qm40,frc499,frc647,frc1235,frc943,14,11
2003tx_qm41,frc231,frc624,frc1164,frc653,125,34
2003tx_qm42,frc922,frc148,frc446,frc1162,39,29
2003tx_qm43,frc441,frc1201,frc660,frc418,56,7
2003tx_qm44,frc57,frc118,frc590,frc750,37,7
2003tx_qm45,frc178,frc457,frc1214,frc1108,73,73
2003tx_qm46,frc364,frc704,frc238,frc437,29,32
2003tx_qm47,frc34,frc1010,frc922,frc1201,72,15
2003tx_qm48,frc653,frc1235,frc441,frc118,9,103
2003tx_qm49,frc1164,frc1162,frc57,frc457,60,5
2003tx_qm5,frc446,frc418,frc148,frc178,28,73
2003tx_qm50,frc418,frc446,frc178,frc704,74,59
2003tx_qm51,frc750,frc660,frc364,frc1010,31,134
2003tx_qm52,frc1108,frc590,frc34,frc647,43,66
2003tx_qm53,frc499,frc1214,frc437,frc624,68,84
2003tx_qm54,frc1205,frc238,frc231,frc148,21,90
2003tx_qm55,frc943,frc457,frc750,frc57,24,18
2003tx_qm56,frc1235,frc704,frc1108,frc1162,37,74
2003tx_qm57,frc178,frc1010,frc499,frc364,32,41
2003tx_qm58,frc446,frc647,frc1205,frc34,37,11
2003tx_qm59,frc660,frc624,frc943,frc437,90,13
2003tx_qm6,frc1108,frc1205,frc1201,frc590,83,7
2003tx_qm60,frc590,frc653,frc148,frc1201,31,60
2003tx_qm61,frc1214,frc231,frc1164,frc922,39,9
2003tx_qm62,frc238,frc118,frc418,frc441,95,2
2003tx_qm63,frc499,frc34,frc1010,frc1235,129,24
2003tx_qm64,frc1205,frc437,frc178,frc647,37,10
2003tx_qm65,frc943,frc1201,frc624,frc446,28,150
2003tx_qm66,frc148,frc922,frc653,frc660,97,18
2003tx_qm67,frc1164,frc441,frc231,frc590,74,18
2003tx_qm68,frc57,frc418,frc1214,frc118,8,35
2003tx_qm69,frc750,frc1162,frc457,frc238,61,61
2003tx_qm7,frc231,frc1214,frc660,frc457,113,29
2003tx_qm70,frc1108,frc364,frc704,frc1201,59,12
2003tx_qm71,frc653,frc943,frc1235,frc922,4,55
2003tx_qm72,frc231,frc148,frc647,frc441,82,40
2003tx_qm73,frc1214,frc1164,frc446,frc418,50,82
2003tx_qm74,frc457,frc57,frc660,frc1162,64,24
2003tx_qm75,frc704,frc750,frc590,frc1010,49,70
2003tx_qm76,frc364,frc118,frc34,frc1108,82,38
2003tx_qm77,frc178,frc499,frc238,frc437,7,46
2003tx_qm78,frc624,frc1205,frc1214,frc57,67,8
2003tx_qm79,frc441,frc1235,frc457,frc750,64,28
2003tx_qm8,frc57,frc437,frc364,frc1010,28,41
2003tx_qm80,frc418,frc647,frc704,frc118,10,137
2003tx_qm81,frc1162,frc446,frc364,frc499,6,35
2003tx_qm82,frc1010,frc660,frc178,frc1205,64,55
2003tx_qm83,frc1108,frc590,frc624,frc943,135,46
2003tx_qm84,frc653,frc34,frc437,frc148,45,110
2003tx_qm85,frc1201,frc238,frc231,frc1164,6,94
2003tx_qm86,frc922,frc750,frc364,frc1010,18,110
2003tx_qm9,frc922,frc1164,frc624,frc1235,88,9
2003tx_sf1m1,frc1108,frc34,frc446,frc418,110,49
2003tx_sf1m2,frc1108,frc34,frc446,frc418,56,30
2003tx_sf2m1,frc148,frc231,frc1010,frc118,29,79
2003tx_sf2m2,frc148,frc231,frc1010,frc118,35,6
