2006az_0,Regional Chairman's Award,frc842,
2006az_1,Regional Winner,frc1006,
2006az_1,Regional Winner,frc60,
2006az_1,Regional Winner,frc1897,
2006az_10,Rookie All-Star Award,frc1897,
2006az_13,Judge's Award (Day 1),frc1852,
2006az_13,Judge's Award (Day 1),frc1926,
2006az_14,Highest Rookie Seed Award,frc1852,
2006az_15,Rookie Inspiration Award,frc1717,
2006az_16,General Motors Industrial Design Award,frc294,
2006az_17,Motorola Quality Award,frc207,
2006az_18,Underwriters Laboratories Industrial Safety Award,frc1011,
2006az_19,Johnson and Johnson Sportsmanship Award,frc1324,
2006az_2,Regional Finalist,frc987,
2006az_2,Regional Finalist,frc1241,
2006az_2,Regional Finalist,frc1917,
2006az_20,Xerox Creativity Award,frc330,
2006az_22,"Kleiner, Perkins, Caufield and Byers Entrepreneurship Award",frc234,
2006az_26,"Delphi ""Driving Tommorow's Technology"" Award",frc987,
2006az_27,Imagery Award,frc234,
2006az_29,Radio Shack Innovation in Control Award,frc599,
2006az_3,Regional Woodie Flowers Award,frc234,Christopher Fultz
2006az_30,DaimlerChrysler Team Spirit Award,frc1006,
2006az_31,Website Award,frc234,
2006az_32,Autodesk Visualization Award,frc1164,
2006az_5,Outstanding Volunteer of the Year Award,,Claire Sutter
2006az_9,Engineering Inspiration Award,frc1241,
