2004co_0,Regional Chairman’s Award,frc79,
2004co_1,Regional Winner,frc662,
2004co_1,Regional Winner,frc982,
2004co_1,Regional Winner,frc938,
2004co_10,Rookie All Star Award,frc1395,
2004co_13,Judges Award Friday,frc1332,
2004co_13,Judges Award Friday,frc831,
2004co_14,Highest Rookie Seed Award,frc1324,
2004co_15,Rookie Inspiration Award,frc1410,
2004co_16,General Motors Industrial Design Award,frc79,
2004co_17,Motorola Quality Award,frc60,
2004co_19,Johnson & Johnson Sportsmanship Award,frc1158,
2004co_2,Regional Finalist,frc60,
2004co_2,Regional Finalist,frc68,
2004co_2,Regional Finalist,frc878,
2004co_20,Xerox Creativity Award,frc878,
2004co_22,Kleiner Perkins Caufield & Byers Entrepreneurship,frc60,
2004co_26,"Delphi ""Driving Tomorrow's Technology"" Award",frc938,
2004co_27,Imagery Award,frc64,
2004co_3,Regional Woodie Flowers Award,frc1164,Rick Pierce
2004co_30,DaimlerChrysler Team Spirit Award,frc79,
2004co_31,Website Design Award,frc1190,
2004co_32,Autodesk Visualization Award - Regional,frc1478,
2004co_38,Leadership in Control Award,frc68,
2004co_5,Outstanding Volunteer Award,,Dick Pankoski
2004co_9,Engineering Inspiration Award,frc159,
