2004co_f1m1,frc60,frc68,frc878,frc662,frc982,frc938,110,130
2004co_f1m2,frc60,frc68,frc878,frc662,frc982,frc938,35,90
2004co_qf1m1,frc60,frc68,frc878,frc1348,frc1393,frc831,200,55
2004co_qf1m2,frc60,frc68,frc878,frc1348,frc1393,frc831,150,60
2004co_qf2m1,frc877,frc876,frc1332,frc1190,frc159,frc942,125,95
2004co_qf2m2,frc877,frc876,frc1332,frc1190,frc159,frc942,70,90
2004co_qf2m3,frc877,frc876,frc1332,frc1190,frc159,frc942,115,65
2004co_qf3m1,frc1104,frc1106,frc1164,frc1324,frc765,frc1157,85,90
2004co_qf3m2,frc1104,frc1106,frc1164,frc1324,frc765,frc1157,95,50
2004co_qf3m3,frc1104,frc1106,frc1164,frc1324,frc765,frc1157,70,80
2004co_qf4m1,frc64,frc79,frc443,frc662,frc982,frc938,95,125
2004co_qf4m2,frc64,frc79,frc443,frc662,frc982,frc938,75,20
2004co_qf4m3,frc64,frc79,frc443,frc662,frc982,frc938,75,80
2004co_qm1,frc662,frc1357,frc1190,frc938,35,60
2004co_qm10,frc764,frc1377,frc1339,frc1164,30,5
2004co_qm11,frc1158,frc1190,frc943,frc1361,25,35
2004co_qm12,frc443,frc765,frc938,frc662,10,80
2004co_qm13,frc770,frc876,frc1357,frc1478,30,35
2004co_qm14,frc878,frc831,frc1157,frc1324,70,70
2004co_qm15,frc1348,frc64,frc79,frc1408,20,20
2004co_qm16,frc982,frc1395,frc1375,frc1303,20,10
2004co_qm17,frc1410,frc1338,frc1332,frc875,20,25
2004co_qm18,frc942,frc1104,frc1428,frc1426,90,20
2004co_qm19,frc1393,frc877,frc60,frc1245,80,180
2004co_qm2,frc765,frc770,frc876,frc443,10,25
2004co_qm20,frc1377,frc1106,frc159,frc764,55,20
2004co_qm21,frc68,frc1339,frc1164,frc1158,85,25
2004co_qm22,frc1478,frc943,frc1361,frc765,25,25
2004co_qm23,frc876,frc1357,frc662,frc443,15,70
2004co_qm24,frc1324,frc938,frc1190,frc770,70,25
2004co_qm25,frc1395,frc1348,frc64,frc878,0,25
2004co_qm26,frc1303,frc79,frc831,frc1157,25,20
2004co_qm27,frc1338,frc1332,frc1408,frc982,15,55
2004co_qm28,frc1426,frc1375,frc877,frc1410,15,80
2004co_qm29,frc875,frc60,frc1104,frc1428,55,35
2004co_qm3,frc1478,frc1157,frc1324,frc1348,30,35
2004co_qm30,frc1245,frc1393,frc764,frc942,100,50
2004co_qm31,frc1106,frc68,frc1339,frc1377,85,40
2004co_qm32,frc943,frc1164,frc1158,frc159,0,45
2004co_qm33,frc1361,frc1478,frc443,frc1395,15,70
2004co_qm34,frc1348,frc831,frc765,frc1357,35,30
2004co_qm35,frc770,frc662,frc878,frc1303,70,20
2004co_qm36,frc938,frc876,frc1158,frc943,35,20
2004co_qm37,frc1157,frc1190,frc1332,frc64,35,25
2004co_qm38,frc982,frc877,frc79,frc1324,130,30
2004co_qm39,frc60,frc1426,frc1375,frc1338,70,20
2004co_qm4,frc1408,frc878,frc831,frc79,65,25
2004co_qm40,frc1428,frc1245,frc1410,frc1408,15,40
2004co_qm41,frc68,frc764,frc942,frc875,70,30
2004co_qm42,frc1164,frc1377,frc1393,frc1104,40,110
2004co_qm43,frc159,frc1339,frc1106,frc1361,15,75
2004co_qm44,frc831,frc443,frc1395,frc943,25,20
2004co_qm45,frc1303,frc1158,frc1478,frc1348,10,35
2004co_qm46,frc1357,frc64,frc765,frc878,55,30
2004co_qm47,frc1324,frc770,frc1339,frc1106,60,55
2004co_qm48,frc1426,frc938,frc876,frc159,20,85
2004co_qm49,frc877,frc79,frc662,frc1332,115,25
2004co_qm5,frc1303,frc1332,frc64,frc1375,15,65
2004co_qm50,frc1408,frc1157,frc1190,frc982,65,75
2004co_qm51,frc764,frc60,frc68,frc1410,60,25
2004co_qm52,frc1338,frc1428,frc1245,frc1375,10,80
2004co_qm53,frc1361,frc942,frc1377,frc875,35,45
2004co_qm54,frc1104,frc1106,frc1164,frc1393,140,55
2004co_qm55,frc1339,frc1158,frc159,frc831,10,60
2004co_qm56,frc943,frc1324,frc1348,frc1303,30,35
2004co_qm57,frc878,frc1426,frc443,frc1478,25,15
2004co_qm58,frc1104,frc1164,frc1357,frc1395,50,40
2004co_qm59,frc64,frc79,frc770,frc764,40,15
2004co_qm6,frc1395,frc1410,frc1338,frc982,15,85
2004co_qm60,frc1332,frc877,frc938,frc765,60,5
2004co_qm61,frc60,frc1190,frc982,frc876,70,20
2004co_qm62,frc1408,frc68,frc1157,frc662,40,75
2004co_qm63,frc1377,frc1361,frc1410,frc1245,25,35
2004co_qm64,frc875,frc1375,frc1393,frc942,15,35
2004co_qm65,frc1158,frc1338,frc1428,frc1106,25,50
2004co_qm66,frc943,frc159,frc1324,frc1104,30,90
2004co_qm67,frc831,frc1164,frc1426,frc1348,20,15
2004co_qm68,frc1393,frc875,frc1303,frc1339,25,10
2004co_qm69,frc877,frc443,frc942,frc64,20,100
2004co_qm7,frc875,frc1428,frc1426,frc1393,10,45
2004co_qm70,frc764,frc938,frc1478,frc878,40,20
2004co_qm71,frc79,frc1395,frc1190,frc1357,15,35
2004co_qm72,frc765,frc1332,frc1245,frc770,35,25
2004co_qm73,frc1361,frc1157,frc876,frc60,15,170
2004co_qm74,frc1410,frc982,frc662,frc68,25,40
2004co_qm75,frc1375,frc1428,frc1377,frc1408,20,45
2004co_qm76,frc1164,frc159,frc875,frc1338,100,20
2004co_qm77,frc942,frc1426,frc1106,frc1158,55,65
2004co_qm78,frc1339,frc1393,frc877,frc943,15,25
2004co_qm79,frc1348,frc1190,frc1428,frc764,80,10
2004co_qm8,frc1245,frc942,frc1104,frc60,40,70
2004co_qm80,frc765,frc1408,frc1303,frc1104,40,45
2004co_qm81,frc443,frc1324,frc79,frc1245,80,75
2004co_qm82,frc1332,frc876,frc1395,frc878,85,10
2004co_qm83,frc64,frc60,frc938,frc831,110,25
2004co_qm84,frc1338,frc1357,frc68,frc1361,40,90
2004co_qm85,frc982,frc1157,frc770,frc1478,65,15
2004co_qm86,frc662,frc1410,frc1375,frc1377,65,45
2004co_qm9,frc1106,frc159,frc877,frc68,70,75
2004co_sf1m1,frc60,frc68,frc878,frc877,frc876,frc1332,180,80
2004co_sf1m2,frc60,frc68,frc878,frc877,frc876,frc1332,130,70
2004co_sf2m1,frc1324,frc765,frc1157,frc662,frc982,frc938,100,125
2004co_sf2m2,frc1324,frc765,frc1157,frc662,frc982,frc938,30,45
