2004on_0,Regional Chairman’s Award,frc1006,
2004on_1,Regional Winner,frc639,
2004on_1,Regional Winner,frc33,
2004on_1,Regional Winner,frc1112,
2004on_10,Rookie All Star Award,frc1241,
2004on_10,Rookie All Star Award,frc1305,
2004on_13,Judges Award Friday,frc1292,
2004on_13,Judges Award Friday,frc771,
2004on_14,Highest Rookie Seed Award,frc1305,
2004on_15,Rookie Inspiration Award,frc1385,
2004on_16,General Motors Industrial Design Award,frc33,
2004on_16,General Motors Industrial Design Award,frc639,
2004on_17,Motorola Quality Award,frc1114,
2004on_17,Motorola Quality Award,frc1305,
2004on_18,Bruce Power Safety FIRST Award,frc1109,
2004on_19,Johnson & Johnson Sportsmanship Award,frc188,
2004on_2,Regional Finalist,frc1114,
2004on_2,Regional Finalist,frc48,
2004on_2,Regional Finalist,frc1006,
2004on_20,Xerox Creativity Award,frc1114,
2004on_22,Kleiner Perkins Caufield & Byers Entrepreneurship,frc301,
2004on_26,"Delphi ""Driving Tomorrow's Technology"" Award",frc33,
2004on_27,Imagery Award,frc781,
2004on_27,Imagery Award,frc1006,
2004on_3,Regional Woodie Flowers Award,,Roland Anderson
2004on_30,DaimlerChrysler Team Spirit Award,frc1310,
2004on_30,DaimlerChrysler Team Spirit Award,frc1241,
2004on_31,Website Design Award,frc188,
2004on_32,Autodesk Visualization Award - Regional,frc48,
2004on_38,Leadership in Control Award,frc48,
2004on_5,Outstanding Volunteer Award,,Steve Warren
2004on_9,Engineering Inspiration Award,frc48,
