2004sac_0,Regional Chairman’s Award,frc481,
2004sac_1,Regional Winner,frc254,
2004sac_1,Regional Winner,frc753,
2004sac_1,Regional Winner,frc955,
2004sac_10,Rookie All Star Award,frc1388,
2004sac_13,Judges Award Friday,frc114,
2004sac_13,Judges Award Friday,frc955,
2004sac_14,Highest Rookie Seed Award,frc1427,
2004sac_15,Rookie Inspiration Award,frc1425,
2004sac_16,General Motors Industrial Design Award,frc753,
2004sac_17,Motorola Quality Award,frc835,
2004sac_19,Johnson & Johnson Sportsmanship Award,frc701,
2004sac_2,Regional Finalist,frc1120,
2004sac_2,Regional Finalist,frc945,
2004sac_2,Regional Finalist,frc481,
2004sac_20,Xerox Creativity Award,frc1151,
2004sac_22,Kleiner Perkins Caufield & Byers Entrepreneurship,frc1120,
2004sac_26,"Delphi ""Driving Tomorrow's Technology"" Award",frc254,
2004sac_27,Imagery Award,frc869,
2004sac_3,Regional Woodie Flowers Award,frc254,Steve Kyramarios
2004sac_30,DaimlerChrysler Team Spirit Award,frc833,
2004sac_31,Website Design Award,frc254,
2004sac_32,Autodesk Visualization Award - Regional,frc1097,
2004sac_38,Leadership in Control Award,frc945,
2004sac_5,Outstanding Volunteer Award (#1),,Jerry Glasser
2004sac_5,Outstanding Volunteer Award (#1),,Karen McDonald
2004sac_9,Engineering Inspiration Award,frc1097,
