2004tx_0,Regional Chairman’s Award,frc1108,
2004tx_1,Regional Winner,frc57,
2004tx_1,Regional Winner,frc364,
2004tx_1,Regional Winner,frc457,
2004tx_10,Rookie All Star Award,frc1448,
2004tx_13,Judges Award Saturday,frc647,
2004tx_14,Highest Rookie Seed Award,frc1421,
2004tx_15,Rookie Inspiration Award,frc1496,
2004tx_16,General Motors Industrial Design Award,frc909,
2004tx_17,Motorola Quality Award,frc456,
2004tx_19,Johnson & Johnson Sportsmanship Award,frc364,
2004tx_2,Regional Finalist,frc148,
2004tx_2,Regional Finalist,frc462,
2004tx_2,Regional Finalist,frc1459,
2004tx_20,Xerox Creativity Award,frc1108,
2004tx_22,Kleiner Perkins Caufield & Byers Entrepreneurship,frc1448,
2004tx_26,"Delphi ""Driving Tomorrow's Technology"" Award",frc456,
2004tx_27,Imagery Award,frc476,
2004tx_3,Regional Woodie Flowers Award,,Lender Luse
2004tx_30,DaimlerChrysler Team Spirit Award,frc57,
2004tx_31,Website Design Award,frc148,
2004tx_32,Autodesk Visualization Award - Regional,frc1296,
2004tx_38,Leadership in Control Award,frc319,
2004tx_5,Outstanding Volunteer Award,,Chris Culbert
2004tx_9,Engineering Inspiration Award,frc118,
