2004or_0,Regional Chairman’s Award,frc847,
2004or_1,Regional Winner,frc492,
2004or_1,Regional Winner,frc1031,
2004or_1,Regional Winner,frc957,
2004or_10,Rookie All Star Award,frc1359,
2004or_13,Judges Award Friday,frc879,
2004or_13,Judges Award Friday,frc1301,
2004or_14,Highest Rookie Seed Award,frc1359,
2004or_15,Rookie Inspiration Award,frc1425,
2004or_16,General Motors Industrial Design Award,frc360,
2004or_17,Motorola Quality Award,frc753,
2004or_19,Johnson & Johnson Sportsmanship Award,frc957,
2004or_2,Regional Finalist,frc1433,
2004or_2,Regional Finalist,frc753,
2004or_2,Regional Finalist,frc1294,
2004or_20,Xerox Creativity Award,frc473,
2004or_22,Kleiner Perkins Caufield & Byers Entrepreneurship,frc997,
2004or_26,"Delphi ""Driving Tomorrow's Technology"" Award",frc1433,
2004or_27,Imagery Award,frc1359,
2004or_3,Regional Woodie Flowers Award,,Paul Roush
2004or_30,DaimlerChrysler Team Spirit Award,frc997,
2004or_31,Website Design Award,frc492,
2004or_32,Autodesk Visualization Award - Regional,frc955,
2004or_38,Leadership in Control Award,frc847,
2004or_5,Outstanding Volunteer Award (#1),,Bill Buskirk
2004or_5,Outstanding Volunteer Award (#1),,Doug Edmonds
2004or_9,Engineering Inspiration Award,frc1151,
