2003cur_f1m1,frc494,frc25,frc103,frc87,84,4
2003cur_f1m2,frc343,frc25,frc650,frc103,90,29
2003cur_qf1m1,frc494,frc25,frc522,frc71,116,34
2003cur_qf1m2,frc343,frc25,frc522,frc223,116,12
2003cur_qf2m1,frc16,frc79,frc191,frc60,66,41
2003cur_qf2m2,frc16,frc818,frc48,frc60,10,35
2003cur_qf3m1,frc308,frc121,frc126,frc322,7,70
2003cur_qf3m2,frc188,frc121,frc126,frc781,0,8
2003cur_qf4m1,frc87,frc103,frc269,frc203,64,31
2003cur_qf4m2,frc87,frc650,frc269,frc245,65,1
2003cur_qm1,frc191,frc25,frc371,frc713,33,27
2003cur_qm10,frc301,frc87,frc494,frc955,37,43
2003cur_qm100,frc955,frc522,frc171,frc371,32,11
2003cur_qm101,frc291,frc357,frc695,frc1035,101,57
2003cur_qm102,frc809,frc386,frc148,frc79,29,29
2003cur_qm103,frc191,frc1023,frc987,frc537,30,39
2003cur_qm104,frc66,frc1005,frc321,frc188,18,33
2003cur_qm105,frc269,frc869,frc229,frc245,37,66
2003cur_qm106,frc115,frc203,frc1057,frc308,43,40
2003cur_qm107,frc87,frc395,frc935,frc301,94,22
2003cur_qm108,frc494,frc343,frc677,frc650,76,76
2003cur_qm109,frc25,frc610,frc71,frc480,32,30
2003cur_qm11,frc188,frc677,frc223,frc470,10,130
2003cur_qm110,frc905,frc971,frc126,frc337,55,58
2003cur_qm111,frc223,frc159,frc857,frc103,54,33
2003cur_qm112,frc407,frc135,frc1120,frc1,118,21
2003cur_qm113,frc16,frc148,frc585,frc470,24,50
2003cur_qm114,frc987,frc115,frc371,frc321,42,22
2003cur_qm115,frc179,frc269,frc229,frc713,110,30
2003cur_qm116,frc1057,frc1035,frc494,frc457,33,76
2003cur_qm117,frc60,frc203,frc79,frc395,74,30
2003cur_qm118,frc818,frc343,frc548,frc322,78,14
2003cur_qm119,frc121,frc935,frc537,frc561,47,70
2003cur_qm12,frc548,frc585,frc245,frc809,60,56
2003cur_qm120,frc522,frc35,frc87,frc48,18,69
2003cur_qm121,frc357,frc435,frc188,frc781,30,36
2003cur_qm122,frc677,frc955,frc386,frc212,34,61
2003cur_qm123,frc245,frc291,frc234,frc1023,80,40
2003cur_qm124,frc308,frc809,frc513,frc1005,72,15
2003cur_qm125,frc1218,frc191,frc171,frc301,62,46
2003cur_qm126,frc869,frc695,frc66,frc650,0,18
2003cur_qm13,frc610,frc179,frc321,frc1120,112,28
2003cur_qm14,frc337,frc203,frc103,frc343,86,88
2003cur_qm15,frc1218,frc148,frc1057,frc480,70,30
2003cur_qm16,frc1035,frc386,frc308,frc121,52,81
2003cur_qm17,frc435,frc935,frc407,frc1023,32,66
2003cur_qm18,frc25,frc60,frc171,frc650,36,34
2003cur_qm19,frc561,frc115,frc857,frc713,60,33
2003cur_qm2,frc818,frc229,frc16,frc115,3,55
2003cur_qm20,frc395,frc229,frc191,frc522,45,77
2003cur_qm21,frc35,frc818,frc781,frc79,34,38
2003cur_qm22,frc513,frc212,frc371,frc66,62,7
2003cur_qm23,frc48,frc1218,frc321,frc971,155,18
2003cur_qm24,frc16,frc103,frc1057,frc71,67,61
2003cur_qm25,frc457,frc905,frc291,frc987,41,62
2003cur_qm26,frc1005,frc955,frc135,frc561,45,18
2003cur_qm27,frc386,frc537,frc269,frc308,33,43
2003cur_qm28,frc60,frc1035,frc470,frc407,65,41
2003cur_qm29,frc159,frc935,frc357,frc322,35,35
2003cur_qm3,frc513,frc35,frc291,frc857,9,76
2003cur_qm30,frc809,frc435,frc126,frc87,53,145
2003cur_qm31,frc1,frc869,frc1120,frc171,16,63
2003cur_qm32,frc677,frc301,frc234,frc343,57,116
2003cur_qm33,frc585,frc188,frc695,frc480,51,67
2003cur_qm34,frc179,frc548,frc121,frc494,18,62
2003cur_qm35,frc203,frc610,frc223,frc1023,41,18
2003cur_qm36,frc148,frc337,frc245,frc650,36,72
2003cur_qm37,frc25,frc522,frc115,frc713,88,31
2003cur_qm38,frc79,frc229,frc66,frc971,103,60
2003cur_qm39,frc71,frc818,frc395,frc857,92,30
2003cur_qm4,frc48,frc79,frc135,frc395,68,20
2003cur_qm40,frc987,frc212,frc35,frc234,22,55
2003cur_qm41,frc1120,frc561,frc1218,frc585,33,36
2003cur_qm42,frc126,frc308,frc513,frc191,69,12
2003cur_qm43,frc103,frc407,frc179,frc322,51,53
2003cur_qm44,frc203,frc905,frc695,frc48,76,61
2003cur_qm45,frc781,frc148,frc16,frc87,41,42
2003cur_qm46,frc955,frc223,frc548,frc457,74,10
2003cur_qm47,frc610,frc537,frc121,frc171,73,51
2003cur_qm48,frc245,frc371,frc337,frc1035,24,61
2003cur_qm49,frc1005,frc935,frc321,frc343,35,80
2003cur_qm5,frc457,frc66,frc159,frc522,6,82
2003cur_qm50,frc1057,frc386,frc435,frc60,73,30
2003cur_qm51,frc480,frc291,frc159,frc869,89,20
2003cur_qm52,frc809,frc494,frc135,frc301,69,39
2003cur_qm53,frc269,frc1,frc1023,frc470,58,37
2003cur_qm54,frc188,frc357,frc677,frc650,60,65
2003cur_qm55,frc713,frc971,frc522,frc857,10,200
2003cur_qm56,frc25,frc234,frc229,frc585,44,12
2003cur_qm57,frc191,frc818,frc79,frc337,35,68
2003cur_qm58,frc322,frc212,frc48,frc71,68,41
2003cur_qm59,frc115,frc435,frc561,frc480,24,40
2003cur_qm6,frc1005,frc71,frc126,frc781,30,64
2003cur_qm60,frc87,frc321,frc308,frc457,48,84
2003cur_qm61,frc987,frc809,frc494,frc171,0,85
2003cur_qm62,frc135,frc66,frc1120,frc407,53,30
2003cur_qm63,frc1035,frc159,frc1,frc126,20,63
2003cur_qm64,frc905,frc395,frc148,frc103,16,89
2003cur_qm65,frc269,frc343,frc357,frc35,63,58
2003cur_qm66,frc203,frc1023,frc223,frc188,8,37
2003cur_qm67,frc1218,frc60,frc537,frc677,64,10
2003cur_qm68,frc781,frc371,frc513,frc869,100,18
2003cur_qm69,frc955,frc935,frc610,frc179,82,31
2003cur_qm7,frc269,frc987,frc869,frc212,39,45
2003cur_qm70,frc245,frc695,frc301,frc386,42,32
2003cur_qm71,frc16,frc1005,frc470,frc548,90,66
2003cur_qm72,frc291,frc1057,frc121,frc650,24,120
2003cur_qm73,frc857,frc585,frc337,frc971,31,49
2003cur_qm74,frc71,frc713,frc234,frc480,94,49
2003cur_qm75,frc457,frc818,frc171,frc25,37,110
2003cur_qm76,frc212,frc407,frc191,frc126,18,84
2003cur_qm77,frc513,frc435,frc537,frc610,12,74
2003cur_qm78,frc522,frc322,frc321,frc223,82,35
2003cur_qm79,frc695,frc103,frc229,frc470,22,43
2003cur_qm8,frc322,frc537,frc234,frc971,41,38
2003cur_qm80,frc809,frc955,frc115,frc35,33,35
2003cur_qm81,frc66,frc291,frc87,frc16,93,118
2003cur_qm82,frc188,frc79,frc301,frc159,76,24
2003cur_qm83,frc245,frc987,frc677,frc48,48,90
2003cur_qm84,frc1057,frc1005,frc135,frc121,49,80
2003cur_qm85,frc395,frc869,frc561,frc1035,53,10
2003cur_qm86,frc343,frc308,frc905,frc1023,118,51
2003cur_qm87,frc179,frc494,frc60,frc269,69,80
2003cur_qm88,frc1120,frc386,frc371,frc203,64,9
2003cur_qm89,frc1,frc1218,frc548,frc935,18,51
2003cur_qm9,frc1,frc357,frc695,frc905,35,40
2003cur_qm90,frc148,frc781,frc357,frc650,88,41
2003cur_qm91,frc971,frc480,frc585,frc25,4,66
2003cur_qm92,frc857,frc126,frc713,frc610,63,85
2003cur_qm93,frc135,frc223,frc818,frc71,62,40
2003cur_qm94,frc470,frc407,frc35,frc905,46,115
2003cur_qm95,frc457,frc16,frc435,frc337,102,52
2003cur_qm96,frc322,frc179,frc212,frc159,12,55
2003cur_qm97,frc561,frc60,frc234,frc103,41,38
2003cur_qm98,frc48,frc548,frc513,frc1120,73,58
2003cur_qm99,frc781,frc121,frc1218,frc1,53,42
2003cur_sf1m1,frc343,frc25,frc126,frc322,80,10
2003cur_sf1m2,frc343,frc25,frc126,frc322,68,30
2003cur_sf2m1,frc16,frc79,frc87,frc103,20,57
2003cur_sf2m2,frc16,frc79,frc87,frc103,65,65
