2002va_qm1,frc926,frc449,frc623,frc686,27,15
2002va_qm10,frc339,frc977,frc839,frc398,20,30
2002va_qm100,frc87,frc769,frc926,frc287,37,32
2002va_qm101,frc53,frc414,frc602,frc927,21,25
2002va_qm102,frc284,frc638,frc316,frc384,34,47
2002va_qm103,frc825,frc116,frc615,frc977,21,20
2002va_qm104,frc623,frc976,frc190,frc405,30,17
2002va_qm105,frc975,frc925,frc612,frc281,21,34
2002va_qm106,frc614,frc600,frc928,frc225,14,35
2002va_qm107,frc836,frc422,frc616,frc346,36,21
2002va_qm108,frc905,frc398,frc272,frc401,24,20
2002va_qm109,frc611,frc435,frc339,frc587,24,38
2002va_qm11,frc643,frc405,frc365,frc435,30,28
2002va_qm110,frc497,frc622,frc643,frc122,30,35
2002va_qm111,frc510,frc404,frc845,frc449,24,39
2002va_qm112,frc337,frc539,frc7,frc900,10,30
2002va_qm113,frc839,frc448,frc341,frc617,20,20
2002va_qm114,frc365,frc345,frc768,frc619,28,19
2002va_qm115,frc540,frc416,frc837,frc620,22,35
2002va_qm116,frc638,frc686,frc287,frc400,28,40
2002va_qm117,frc116,frc926,frc927,frc284,18,15
2002va_qm118,frc976,frc602,frc384,frc825,12,30
2002va_qm119,frc925,frc316,frc977,frc623,28,34
2002va_qm12,frc845,frc281,frc540,frc622,32,22
2002va_qm120,frc600,frc615,frc405,frc975,32,25
2002va_qm121,frc422,frc190,frc281,frc614,25,36
2002va_qm122,frc398,frc612,frc225,frc836,38,16
2002va_qm123,frc435,frc928,frc346,frc905,21,40
2002va_qm124,frc622,frc616,frc401,frc611,20,33
2002va_qm125,frc404,frc272,frc587,frc497,29,20
2002va_qm126,frc539,frc339,frc122,frc510,18,44
2002va_qm127,frc448,frc643,frc449,frc337,0,35
2002va_qm128,frc345,frc845,frc900,frc839,11,31
2002va_qm129,frc416,frc7,frc617,frc365,12,44
2002va_qm13,frc7,frc225,frc87,frc404,23,31
2002va_qm130,frc686,frc341,frc619,frc540,20,30
2002va_qm131,frc769,frc768,frc620,frc87,31,20
2002va_qm132,frc414,frc837,frc400,frc53,11,40
2002va_qm14,frc341,frc346,frc53,frc539,34,25
2002va_qm15,frc768,frc401,frc284,frc448,34,43
2002va_qm16,frc837,frc587,frc825,frc345,35,35
2002va_qm17,frc449,frc122,frc414,frc416,40,30
2002va_qm18,frc900,frc614,frc638,frc926,41,20
2002va_qm19,frc617,frc836,frc116,frc602,30,26
2002va_qm2,frc602,frc900,frc975,frc769,21,31
2002va_qm20,frc619,frc905,frc976,frc316,28,31
2002va_qm21,frc620,frc611,frc925,frc615,22,10
2002va_qm22,frc400,frc497,frc600,frc190,43,30
2002va_qm23,frc287,frc510,frc422,frc612,20,21
2002va_qm24,frc927,frc337,frc398,frc928,10,36
2002va_qm25,frc384,frc839,frc435,frc616,30,30
2002va_qm26,frc977,frc365,frc622,frc272,30,27
2002va_qm27,frc405,frc540,frc404,frc339,26,33
2002va_qm28,frc281,frc87,frc539,frc643,61,0
2002va_qm29,frc225,frc53,frc448,frc845,20,27
2002va_qm3,frc316,frc617,frc614,frc414,23,30
2002va_qm30,frc346,frc284,frc345,frc7,32,38
2002va_qm31,frc401,frc825,frc416,frc341,27,27
2002va_qm32,frc587,frc623,frc686,frc768,20,37
2002va_qm33,frc122,frc975,frc769,frc837,37,35
2002va_qm34,frc905,frc925,frc926,frc617,10,15
2002va_qm35,frc611,frc600,frc602,frc619,22,30
2002va_qm36,frc497,frc422,frc316,frc620,32,24
2002va_qm37,frc510,frc398,frc615,frc400,28,32
2002va_qm38,frc337,frc435,frc190,frc287,45,40
2002va_qm39,frc839,frc622,frc612,frc927,30,20
2002va_qm4,frc615,frc619,frc836,frc638,20,37
2002va_qm40,frc365,frc404,frc928,frc384,0,20
2002va_qm41,frc540,frc539,frc616,frc977,22,22
2002va_qm42,frc87,frc448,frc272,frc405,20,0
2002va_qm43,frc53,frc345,frc339,frc281,29,39
2002va_qm44,frc284,frc416,frc643,frc225,27,30
2002va_qm45,frc825,frc686,frc845,frc346,20,18
2002va_qm46,frc623,frc769,frc7,frc401,40,20
2002va_qm47,frc975,frc414,frc341,frc587,10,34
2002va_qm48,frc614,frc638,frc768,frc122,30,31
2002va_qm49,frc836,frc116,frc837,frc449,25,21
2002va_qm5,frc190,frc620,frc905,frc116,26,20
2002va_qm50,frc422,frc976,frc617,frc900,34,33
2002va_qm51,frc398,frc926,frc619,frc497,36,38
2002va_qm52,frc435,frc602,frc620,frc510,35,25
2002va_qm53,frc622,frc316,frc400,frc337,24,31
2002va_qm54,frc404,frc615,frc287,frc839,30,40
2002va_qm55,frc539,frc190,frc927,frc365,22,21
2002va_qm56,frc448,frc612,frc384,frc540,33,0
2002va_qm57,frc345,frc928,frc977,frc87,27,42
2002va_qm58,frc416,frc616,frc405,frc53,17,30
2002va_qm59,frc686,frc272,frc281,frc284,12,40
2002va_qm6,frc612,frc400,frc611,frc976,36,20
2002va_qm60,frc769,frc339,frc225,frc825,20,27
2002va_qm61,frc414,frc643,frc346,frc623,26,36
2002va_qm62,frc638,frc845,frc401,frc975,26,32
2002va_qm63,frc116,frc7,frc587,frc614,15,45
2002va_qm64,frc976,frc341,frc122,frc836,48,20
2002va_qm65,frc925,frc768,frc449,frc905,4,21
2002va_qm66,frc600,frc837,frc900,frc611,40,27
2002va_qm67,frc926,frc620,frc337,frc404,24,21
2002va_qm68,frc602,frc400,frc839,frc539,20,32
2002va_qm69,frc316,frc287,frc365,frc448,0,10
2002va_qm7,frc928,frc287,frc497,frc925,28,35
2002va_qm70,frc615,frc927,frc540,frc345,22,39
2002va_qm71,frc190,frc384,frc87,frc416,0,28
2002va_qm72,frc612,frc977,frc53,frc686,30,32
2002va_qm73,frc928,frc405,frc284,frc769,46,20
2002va_qm74,frc616,frc281,frc825,frc414,20,24
2002va_qm75,frc272,frc225,frc623,frc638,20,34
2002va_qm76,frc339,frc346,frc975,frc116,22,37
2002va_qm77,frc643,frc401,frc614,frc976,32,31
2002va_qm78,frc845,frc587,frc836,frc925,40,24
2002va_qm79,frc7,frc122,frc905,frc600,38,32
2002va_qm8,frc616,frc927,frc510,frc600,25,34
2002va_qm80,frc341,frc449,frc611,frc422,20,30
2002va_qm81,frc768,frc900,frc497,frc398,27,34
2002va_qm82,frc837,frc617,frc510,frc435,21,40
2002va_qm83,frc620,frc619,frc448,frc622,28,45
2002va_qm84,frc400,frc365,frc345,frc926,34,19
2002va_qm85,frc287,frc540,frc416,frc602,36,30
2002va_qm86,frc927,frc87,frc686,frc316,33,50
2002va_qm87,frc384,frc53,frc769,frc615,20,30
2002va_qm88,frc977,frc284,frc414,frc190,30,32
2002va_qm89,frc405,frc825,frc638,frc612,36,36
2002va_qm9,frc272,frc384,frc337,frc422,20,10
2002va_qm90,frc281,frc623,frc116,frc928,33,22
2002va_qm91,frc225,frc975,frc976,frc616,36,11
2002va_qm92,frc346,frc614,frc925,frc272,24,35
2002va_qm93,frc401,frc836,frc600,frc339,23,28
2002va_qm94,frc587,frc905,frc422,frc643,31,31
2002va_qm95,frc122,frc611,frc398,frc845,20,36
2002va_qm96,frc449,frc497,frc435,frc7,35,35
2002va_qm97,frc900,frc510,frc622,frc341,35,10
2002va_qm98,frc617,frc337,frc404,frc768,20,27
2002va_qm99,frc619,frc839,frc539,frc837,34,38
