2005fl_f1m1,frc233,frc179,frc1592,frc233,frc179,frc1592,82,22
2005fl_f1m2,frc233,frc179,frc1592,frc233,frc179,frc1592,90,32
2005fl_qf1m1,frc233,frc179,frc1592,frc61,frc108,frc1051,34,38
2005fl_qf1m2,frc233,frc179,frc1592,frc61,frc108,frc1051,57,50
2005fl_qf1m3,frc233,frc179,frc1592,frc61,frc108,frc1051,72,28
2005fl_qf2m1,frc1368,frc801,frc79,frc1402,frc343,frc180,24,46
2005fl_qf2m2,frc1368,frc801,frc79,frc1402,frc343,frc180,0,23
2005fl_qf3m1,frc1251,frc845,frc1270,frc1029,frc1694,frc348,26,0
2005fl_qf3m2,frc1251,frc845,frc1270,frc1029,frc1694,frc348,6,0
2005fl_qf4m1,frc1649,frc312,frc710,frc945,frc386,frc21,25,36
2005fl_qf4m2,frc1649,frc312,frc710,frc945,frc386,frc21,45,34
2005fl_qf4m3,frc1649,frc312,frc710,frc945,frc386,frc21,41,14
2005fl_qm1,frc801,frc79,frc179,frc1051,frc1341,frc1543,67,12
2005fl_qm10,frc1083,frc234,frc1649,frc1390,frc343,frc1270,14,25
2005fl_qm11,frc108,frc415,frc79,frc1242,frc61,frc408,45,0
2005fl_qm12,frc1402,frc1604,frc1062,frc1523,frc801,frc710,49,23
2005fl_qm13,frc945,frc845,frc1694,frc1065,frc1029,frc1369,25,2
2005fl_qm14,frc179,frc1368,frc804,frc312,frc168,frc665,44,9
2005fl_qm15,frc1068,frc348,frc1543,frc386,frc21,frc1557,0,9
2005fl_qm16,frc457,frc1497,frc342,frc1592,frc207,frc1649,2,31
2005fl_qm17,frc1051,frc108,frc710,frc1694,frc665,frc1251,32,34
2005fl_qm18,frc1557,frc343,frc79,frc1523,frc1065,frc1368,9,15
2005fl_qm19,frc1068,frc473,frc1270,frc408,frc801,frc945,15,12
2005fl_qm2,frc1368,frc234,frc1242,frc710,frc233,frc386,9,50
2005fl_qm20,frc386,frc342,frc415,frc804,frc1341,frc1390,27,41
2005fl_qm21,frc1604,frc1369,frc168,frc233,frc1083,frc21,6,71
2005fl_qm22,frc1592,frc1242,frc1062,frc845,frc179,frc180,9,113
2005fl_qm23,frc457,frc348,frc234,frc61,frc1029,frc312,20,24
2005fl_qm24,frc1402,frc1543,frc1497,frc108,frc1368,frc945,0,2
2005fl_qm25,frc207,frc1604,frc1051,frc343,frc386,frc179,22,49
2005fl_qm26,frc1029,frc1649,frc473,frc415,frc1557,frc710,37,32
2005fl_qm27,frc180,frc1369,frc61,frc801,frc1390,frc168,24,43
2005fl_qm28,frc1068,frc1592,frc665,frc234,frc79,frc1402,20,50
2005fl_qm29,frc342,frc21,frc845,frc1270,frc1523,frc1251,26,26
2005fl_qm3,frc1649,frc945,frc61,frc804,frc1251,frc21,26,39
2005fl_qm30,frc312,frc1341,frc1242,frc1497,frc1694,frc1083,37,27
2005fl_qm31,frc348,frc1065,frc408,frc804,frc233,frc1062,0,32
2005fl_qm32,frc457,frc1543,frc1369,frc1251,frc179,frc1557,8,35
2005fl_qm33,frc1402,frc1270,frc1242,frc1029,frc207,frc168,15,11
2005fl_qm34,frc348,frc108,frc1341,frc1649,frc1604,frc845,19,21
2005fl_qm35,frc1368,frc1068,frc415,frc1694,frc180,frc21,13,21
2005fl_qm36,frc234,frc801,frc804,frc1497,frc343,frc408,24,38
2005fl_qm37,frc1051,frc342,frc233,frc61,frc665,frc1543,26,17
2005fl_qm38,frc1523,frc473,frc1390,frc1062,frc79,frc312,50,32
2005fl_qm39,frc945,frc386,frc1592,frc1083,frc710,frc1065,40,16
2005fl_qm4,frc1390,frc207,frc1557,frc408,frc312,frc845,19,48
2005fl_qm40,frc457,frc1051,frc21,frc408,frc1402,frc1341,27,40
2005fl_qm41,frc1523,frc1543,frc234,frc168,frc1649,frc180,23,42
2005fl_qm42,frc1065,frc312,frc108,frc801,frc386,frc1251,7,44
2005fl_qm43,frc1029,frc1592,frc1368,frc1390,frc1604,frc1694,31,24
2005fl_qm44,frc342,frc1557,frc1242,frc945,frc348,frc343,22,38
2005fl_qm45,frc665,frc473,frc1369,frc1062,frc207,frc415,6,23
2005fl_qm46,frc1083,frc179,frc61,frc1270,frc710,frc804,46,0
2005fl_qm47,frc1068,frc1497,frc845,frc233,frc79,frc457,25,60
2005fl_qm48,frc1051,frc168,frc1557,frc1062,frc234,frc945,20,40
2005fl_qm49,frc804,frc1694,frc207,frc1523,frc108,frc1543,0,38
2005fl_qm5,frc343,frc457,frc1402,frc473,frc1694,frc168,59,0
2005fl_qm50,frc1083,frc457,frc415,frc801,frc845,frc1368,22,76
2005fl_qm51,frc386,frc79,frc1270,frc1369,frc1649,frc312,9,44
2005fl_qm52,frc21,frc1592,frc473,frc1242,frc1065,frc61,34,61
2005fl_qm53,frc1604,frc342,frc408,frc180,frc710,frc1402,5,25
2005fl_qm54,frc1341,frc665,frc343,frc1029,frc233,frc1068,31,35
2005fl_qm55,frc1251,frc1390,frc348,frc1497,frc179,frc168,34,4
2005fl_qm56,frc1543,frc710,frc312,frc415,frc1065,frc457,40,35
2005fl_qm57,frc1068,frc1051,frc804,frc1242,frc1604,frc1649,27,48
2005fl_qm58,frc1251,frc343,frc1062,frc1368,frc61,frc1341,38,61
2005fl_qm59,frc408,frc1694,frc386,frc1523,frc665,frc1083,23,20
2005fl_qm6,frc1604,frc1270,frc1065,frc180,frc1497,frc665,9,6
2005fl_qm60,frc1557,frc1270,frc1592,frc233,frc108,frc801,2,46
2005fl_qm61,frc207,frc945,frc79,frc180,frc348,frc1029,13,20
2005fl_qm62,frc1390,frc21,frc1497,frc1369,frc1402,frc179,20,24
2005fl_qm63,frc845,frc234,frc473,frc342,frc1543,frc1604,29,10
2005fl_qm64,frc168,frc415,frc1251,frc1068,frc1065,frc408,20,0
2005fl_qm65,frc1694,frc179,frc1649,frc233,frc1402,frc312,40,38
2005fl_qm66,frc343,frc845,frc710,frc1369,frc108,frc180,32,22
2005fl_qm67,frc61,frc1557,frc1497,frc1523,frc1029,frc386,44,23
2005fl_qm68,frc1051,frc473,frc1083,frc348,frc1368,frc801,21,48
2005fl_qm69,frc1592,frc804,frc79,frc342,frc1341,frc1270,35,15
2005fl_qm7,frc108,frc342,frc1029,frc1068,frc1062,frc1083,54,0
2005fl_qm70,frc1062,frc21,frc207,frc234,frc457,frc108,0,44
2005fl_qm71,frc1242,frc665,frc457,frc1390,frc945,frc1523,23,44
2005fl_qm8,frc1592,frc1369,frc415,frc348,frc1523,frc1051,30,0
2005fl_qm9,frc233,frc1251,frc207,frc473,frc180,frc1341,66,36
2005fl_sf1m1,frc233,frc179,frc1592,frc1402,frc343,frc180,44,11
2005fl_sf1m2,frc233,frc179,frc1592,frc1402,frc343,frc180,27,24
2005fl_sf2m1,frc1251,frc845,frc1270,frc1649,frc312,frc710,16,39
2005fl_sf2m2,frc1251,frc845,frc1270,frc1649,frc312,frc710,32,17
2005fl_sf2m3,frc233,frc179,frc1592,frc233,frc179,frc1592,48,2
