2004ga_f1m1,frc1364,frc34,frc866,frc1002,frc1057,frc1369,25,75
2004ga_f1m2,frc1364,frc34,frc866,frc1002,frc1057,frc1369,25,80
2004ga_qf1m1,frc538,frc494,frc1466,frc1311,frc1183,frc1180,125,25
2004ga_qf1m2,frc538,frc494,frc1466,frc1311,frc1183,frc1180,25,65
2004ga_qf1m3,frc538,frc494,frc1466,frc1311,frc1183,frc1180,20,115
2004ga_qf2m1,frc1364,frc34,frc866,frc1371,frc1139,frc1040,130,30
2004ga_qf2m2,frc1364,frc34,frc866,frc1371,frc1139,frc1040,75,40
2004ga_qf3m1,frc1345,frc343,frc1102,frc1406,frc1127,frc1263,125,20
2004ga_qf3m2,frc1345,frc343,frc1102,frc1406,frc1127,frc1263,15,45
2004ga_qf3m3,frc1345,frc343,frc1102,frc1406,frc1127,frc1263,85,50
2004ga_qf4m1,frc1002,frc1057,frc1369,frc1051,frc590,frc281,130,100
2004ga_qf4m2,frc1002,frc1057,frc1369,frc1051,frc590,frc281,75,20
2004ga_qm1,frc281,frc807,frc832,frc1379,40,40
2004ga_qm10,frc1304,frc1002,frc1057,frc1297,30,30
2004ga_qm11,frc1364,frc1263,frc1261,frc1081,70,20
2004ga_qm12,frc1371,frc343,frc442,frc832,60,20
2004ga_qm13,frc1398,frc281,frc807,frc538,25,65
2004ga_qm14,frc1379,frc1040,frc34,frc1369,40,50
2004ga_qm15,frc1298,frc1406,frc1466,frc866,20,40
2004ga_qm16,frc1127,frc1436,frc1414,frc1007,20,15
2004ga_qm17,frc1380,frc1166,frc1440,frc1407,0,0
2004ga_qm18,frc1345,frc1439,frc1183,frc494,45,160
2004ga_qm19,frc1415,frc1102,frc590,frc1311,20,55
2004ga_qm2,frc538,frc1398,frc343,frc34,70,45
2004ga_qm20,frc1051,frc1180,frc1299,frc1304,45,25
2004ga_qm21,frc1002,frc1057,frc1139,frc1177,105,30
2004ga_qm22,frc1297,frc1371,frc1376,frc1261,50,10
2004ga_qm23,frc1263,frc442,frc1081,frc1364,20,60
2004ga_qm24,frc1369,frc1379,frc832,frc1398,40,0
2004ga_qm25,frc1040,frc34,frc343,frc807,45,20
2004ga_qm26,frc1007,frc1127,frc281,frc1466,30,55
2004ga_qm27,frc1081,frc1263,frc538,frc1298,0,90
2004ga_qm28,frc1166,frc1440,frc1406,frc1414,30,40
2004ga_qm29,frc1436,frc1345,frc866,frc1380,60,25
2004ga_qm3,frc866,frc1414,frc1040,frc1466,15,40
2004ga_qm30,frc1407,frc1183,frc494,frc1415,45,110
2004ga_qm31,frc1311,frc1299,frc1439,frc590,25,20
2004ga_qm32,frc1180,frc1002,frc1102,frc1051,75,100
2004ga_qm33,frc1261,frc1297,frc1057,frc1139,25,70
2004ga_qm34,frc1177,frc442,frc1304,frc1376,25,30
2004ga_qm35,frc1364,frc343,frc1371,frc1369,85,60
2004ga_qm36,frc1379,frc281,frc1263,frc1040,55,85
2004ga_qm37,frc832,frc1081,frc1398,frc1007,20,20
2004ga_qm38,frc1466,frc538,frc807,frc1166,70,35
2004ga_qm39,frc34,frc1406,frc1127,frc1407,75,25
2004ga_qm4,frc1369,frc1298,frc1406,frc1127,10,15
2004ga_qm40,frc1440,frc494,frc1298,frc1436,40,25
2004ga_qm41,frc1414,frc1439,frc1345,frc866,15,90
2004ga_qm42,frc1415,frc1261,frc1380,frc1102,40,40
2004ga_qm43,frc1183,frc1057,frc1299,frc1180,70,35
2004ga_qm44,frc590,frc1304,frc1002,frc1364,35,70
2004ga_qm45,frc1051,frc1311,frc1297,frc1177,75,35
2004ga_qm46,frc1139,frc1371,frc1376,frc442,70,35
2004ga_qm47,frc343,frc1398,frc281,frc1263,35,45
2004ga_qm48,frc1007,frc1081,frc1166,frc1379,10,65
2004ga_qm49,frc1040,frc807,frc494,frc1127,20,120
2004ga_qm5,frc1007,frc1440,frc1407,frc1345,15,50
2004ga_qm50,frc1369,frc1466,frc1371,frc1376,55,70
2004ga_qm51,frc34,frc832,frc442,frc1139,20,10
2004ga_qm52,frc1407,frc1298,frc538,frc1345,5,70
2004ga_qm53,frc1439,frc1415,frc1406,frc1440,10,15
2004ga_qm54,frc1057,frc1380,frc1102,frc1414,85,45
2004ga_qm55,frc1261,frc1002,frc1436,frc1299,100,35
2004ga_qm56,frc866,frc1183,frc1364,frc590,15,20
2004ga_qm57,frc1180,frc1311,frc1304,frc1051,125,75
2004ga_qm58,frc1177,frc1371,frc1263,frc1297,30,10
2004ga_qm59,frc1139,frc1376,frc1081,frc281,30,30
2004ga_qm6,frc1436,frc1380,frc1166,frc1183,25,50
2004ga_qm60,frc442,frc1007,frc1398,frc1040,30,35
2004ga_qm61,frc1304,frc1180,frc1379,frc343,100,85
2004ga_qm62,frc1051,frc1166,frc1127,frc1369,80,20
2004ga_qm63,frc1345,frc1406,frc807,frc832,55,20
2004ga_qm64,frc1466,frc494,frc538,frc34,70,80
2004ga_qm65,frc1415,frc1407,frc1298,frc1439,10,35
2004ga_qm66,frc1002,frc866,frc1440,frc1261,30,25
2004ga_qm67,frc1299,frc1102,frc1414,frc1436,20,35
2004ga_qm68,frc590,frc1057,frc1380,frc1177,125,10
2004ga_qm69,frc1311,frc1297,frc1183,frc1364,25,25
2004ga_qm7,frc1102,frc590,frc1439,frc1051,50,30
2004ga_qm70,frc1376,frc1180,frc1007,frc1263,45,30
2004ga_qm71,frc1139,frc1081,frc1371,frc1304,5,45
2004ga_qm72,frc281,frc1051,frc1057,frc442,120,30
2004ga_qm73,frc1166,frc1398,frc1040,frc1177,45,35
2004ga_qm74,frc1439,frc1127,frc1379,frc538,35,25
2004ga_qm75,frc1261,frc34,frc1369,frc1345,35,65
2004ga_qm76,frc866,frc807,frc343,frc1415,25,75
2004ga_qm77,frc832,frc1466,frc1436,frc1440,45,30
2004ga_qm78,frc494,frc1298,frc1102,frc1002,20,75
2004ga_qm79,frc1364,frc1380,frc1406,frc1299,20,40
2004ga_qm8,frc494,frc1299,frc1311,frc1415,120,15
2004ga_qm80,frc1407,frc1414,frc1183,frc590,20,25
2004ga_qm81,frc1081,frc1311,frc1297,frc1180,75,30
2004ga_qm82,frc1263,frc1376,frc1051,frc1057,45,110
2004ga_qm83,frc1177,frc1304,frc1007,frc1371,20,20
2004ga_qm84,frc1166,frc1139,frc1398,frc1439,15,10
2004ga_qm85,frc1297,frc1369,frc442,frc281,25,70
2004ga_qm86,frc1127,frc1040,frc1311,frc1261,40,25
2004ga_qm87,frc1345,frc343,frc1436,frc1379,110,20
2004ga_qm88,frc1415,frc832,frc34,frc1364,25,125
2004ga_qm89,frc1440,frc866,frc807,frc494,25,110
2004ga_qm9,frc1177,frc1376,frc1180,frc1139,15,35
2004ga_qm90,frc1466,frc1406,frc1299,frc1002,25,30
2004ga_qm91,frc1380,frc1183,frc1298,frc1102,20,30
2004ga_qm92,frc1407,frc538,frc590,frc1414,30,25
2004ga_sf1m1,frc1311,frc1183,frc1180,frc1364,frc34,frc866,45,30
2004ga_sf1m2,frc1311,frc1183,frc1180,frc1364,frc34,frc866,60,75
2004ga_sf1m3,frc1311,frc1183,frc1180,frc1364,frc34,frc866,25,60
2004ga_sf2m1,frc1345,frc343,frc1102,frc1002,frc1057,frc1369,25,75
2004ga_sf2m2,frc1345,frc343,frc1102,frc1002,frc1057,frc1369,60,80
