2004ga_0,Regional Chairman’s Award,frc1002,
2004ga_1,Regional Winner,frc1002,
2004ga_1,Regional Winner,frc1057,
2004ga_1,Regional Winner,frc1369,
2004ga_10,Rookie All Star Award,frc1414,
2004ga_13,Judges Award Friday,frc538,
2004ga_13,Judges Award Friday,frc590,
2004ga_14,Highest Rookie Seed Award,frc1345,
2004ga_15,Rookie Inspiration Award,frc1371,
2004ga_16,General Motors Industrial Design Award,frc343,
2004ga_17,Motorola Quality Award,frc494,
2004ga_19,Johnson & Johnson Sportsmanship Award,frc1379,
2004ga_2,Regional Finalist,frc1364,
2004ga_2,Regional Finalist,frc34,
2004ga_2,Regional Finalist,frc866,
2004ga_20,Xerox Creativity Award,frc1369,
2004ga_22,Kleiner Perkins Caufield & Byers Entrepreneurship,frc866,
2004ga_26,"Delphi ""Driving Tomorrow's Technology"" Award",frc1057,
2004ga_27,Imagery Award,frc1398,
2004ga_3,Regional Woodie Flowers Award,frc494,Jay Tenbrick
2004ga_30,DaimlerChrysler Team Spirit Award,frc1002,
2004ga_31,Website Design Award,frc34,
2004ga_32,Autodesk Visualization Award - Regional,frc807,
2004ga_38,Leadership in Control Award,frc1263,
2004ga_5,Outstanding Volunteer Award,,Richard Bodor
2004ga_9,Engineering Inspiration Award,frc34,
