2004gal_f1m1,frc1218,frc469,frc868,frc177,frc27,frc365,130,30
2004gal_f1m2,frc1218,frc469,frc868,frc177,frc27,frc365,95,65
2004gal_qf1m1,frc1218,frc469,frc868,frc782,frc341,frc358,165,80
2004gal_qf1m2,frc1218,frc469,frc868,frc782,frc341,frc358,90,70
2004gal_qf2m1,frc852,frc68,frc263,frc93,frc492,frc157,90,140
2004gal_qf2m2,frc852,frc68,frc263,frc93,frc492,frc157,30,35
2004gal_qf3m1,frc980,frc236,frc971,frc177,frc27,frc365,140,150
2004gal_qf3m2,frc980,frc236,frc971,frc177,frc27,frc365,100,130
2004gal_qf4m1,frc222,frc64,frc1405,frc296,frc647,frc1108,170,140
2004gal_qf4m2,frc222,frc64,frc1405,frc296,frc647,frc1108,160,75
2004gal_qm1,frc647,frc971,frc80,frc904,130,15
2004gal_qm10,frc398,frc384,frc1305,frc68,75,120
2004gal_qm100,frc888,frc964,frc222,frc296,10,85
2004gal_qm101,frc263,frc42,frc537,frc341,100,45
2004gal_qm102,frc326,frc1108,frc68,frc1393,30,40
2004gal_qm103,frc304,frc518,frc904,frc49,25,20
2004gal_qm104,frc5,frc1086,frc999,frc852,70,90
2004gal_qm105,frc1157,frc141,frc177,frc173,20,85
2004gal_qm106,frc93,frc398,frc365,frc236,90,80
2004gal_qm107,frc1132,frc20,frc647,frc1031,25,120
2004gal_qm108,frc469,frc457,frc314,frc938,130,100
2004gal_qm109,frc100,frc812,frc1405,frc447,35,130
2004gal_qm11,frc999,frc1108,frc1493,frc236,65,95
2004gal_qm110,frc59,frc64,frc782,frc1266,65,60
2004gal_qm111,frc284,frc80,frc120,frc1218,20,75
2004gal_qm112,frc422,frc714,frc1014,frc1493,30,70
2004gal_qm113,frc230,frc157,frc686,frc868,65,130
2004gal_qm114,frc1305,frc222,frc184,frc971,150,20
2004gal_qm115,frc263,frc888,frc980,frc569,50,100
2004gal_qm116,frc326,frc587,frc42,frc27,75,110
2004gal_qm117,frc518,frc341,frc1108,frc358,80,90
2004gal_qm118,frc1086,frc1359,frc304,frc384,25,70
2004gal_qm119,frc177,frc5,frc964,frc537,115,35
2004gal_qm12,frc1157,frc314,frc537,frc714,60,100
2004gal_qm120,frc365,frc68,frc999,frc141,115,15
2004gal_qm121,frc1132,frc245,frc192,frc296,20,45
2004gal_qm122,frc49,frc398,frc314,frc108,20,80
2004gal_qm123,frc447,frc492,frc1157,frc647,100,20
2004gal_qm124,frc1405,frc457,frc64,frc236,75,105
2004gal_qm125,frc20,frc100,frc1393,frc173,85,45
2004gal_qm126,frc135,frc904,frc938,frc548,40,70
2004gal_qm127,frc830,frc852,frc93,frc1031,120,35
2004gal_qm128,frc469,frc812,frc59,frc80,50,70
2004gal_qm13,frc263,frc93,frc192,frc587,115,25
2004gal_qm14,frc980,frc341,frc64,frc49,50,65
2004gal_qm15,frc177,frc1014,frc59,frc135,125,25
2004gal_qm16,frc173,frc108,frc518,frc422,25,140
2004gal_qm17,frc1086,frc686,frc938,frc365,70,25
2004gal_qm18,frc888,frc492,frc469,frc1132,40,70
2004gal_qm19,frc304,frc647,frc245,frc5,75,65
2004gal_qm2,frc245,frc284,frc326,frc1031,130,125
2004gal_qm20,frc868,frc1405,frc852,frc971,100,130
2004gal_qm21,frc964,frc284,frc20,frc447,25,125
2004gal_qm22,frc42,frc830,frc120,frc141,55,80
2004gal_qm23,frc184,frc100,frc80,frc326,50,110
2004gal_qm24,frc398,frc812,frc157,frc782,70,100
2004gal_qm25,frc999,frc384,frc222,frc457,20,135
2004gal_qm26,frc1157,frc1108,frc1266,frc548,90,75
2004gal_qm27,frc263,frc314,frc358,frc1305,80,95
2004gal_qm28,frc980,frc93,frc1493,frc537,195,50
2004gal_qm29,frc177,frc341,frc192,frc904,50,15
2004gal_qm3,frc5,frc20,frc157,frc569,130,25
2004gal_qm30,frc173,frc1014,frc64,frc1031,15,20
2004gal_qm31,frc1086,frc108,frc59,frc569,110,80
2004gal_qm32,frc888,frc686,frc518,frc1393,20,85
2004gal_qm33,frc492,frc938,frc230,frc1359,80,50
2004gal_qm34,frc469,frc27,frc1218,frc296,125,140
2004gal_qm35,frc68,frc236,frc714,frc587,145,5
2004gal_qm36,frc49,frc135,frc422,frc365,50,60
2004gal_qm37,frc1132,frc304,frc971,frc284,25,70
2004gal_qm38,frc5,frc830,frc100,frc782,30,100
2004gal_qm39,frc457,frc964,frc184,frc398,25,20
2004gal_qm4,frc868,frc447,frc782,frc1393,115,60
2004gal_qm40,frc1108,frc647,frc868,frc120,100,10
2004gal_qm41,frc314,frc222,frc1266,frc245,105,75
2004gal_qm42,frc93,frc358,frc20,frc42,75,15
2004gal_qm43,frc341,frc1493,frc384,frc1157,0,70
2004gal_qm44,frc1014,frc192,frc980,frc1405,35,130
2004gal_qm45,frc108,frc177,frc1031,frc80,60,130
2004gal_qm46,frc686,frc173,frc569,frc812,30,70
2004gal_qm47,frc492,frc1086,frc1393,frc1305,15,100
2004gal_qm48,frc469,frc1359,frc518,frc141,165,75
2004gal_qm49,frc236,frc1218,frc938,frc263,135,80
2004gal_qm5,frc1405,frc830,frc222,frc230,40,135
2004gal_qm50,frc49,frc714,frc59,frc888,25,70
2004gal_qm51,frc135,frc27,frc68,frc1132,90,10
2004gal_qm52,frc422,frc852,frc447,frc326,35,70
2004gal_qm53,frc157,frc999,frc548,frc537,30,140
2004gal_qm54,frc904,frc64,frc230,frc296,80,25
2004gal_qm55,frc587,frc365,frc304,frc782,55,70
2004gal_qm56,frc971,frc457,frc1108,frc245,80,145
2004gal_qm57,frc20,frc341,frc830,frc184,70,40
2004gal_qm58,frc1014,frc314,frc93,frc384,15,125
2004gal_qm59,frc108,frc284,frc100,frc647,90,10
2004gal_qm6,frc852,frc120,frc457,frc1359,85,30
2004gal_qm60,frc686,frc1266,frc1405,frc177,75,80
2004gal_qm61,frc492,frc569,frc398,frc120,150,10
2004gal_qm62,frc469,frc1393,frc358,frc1493,110,40
2004gal_qm63,frc1218,frc173,frc1359,frc192,135,95
2004gal_qm64,frc714,frc938,frc141,frc980,30,190
2004gal_qm65,frc135,frc236,frc888,frc80,160,75
2004gal_qm66,frc422,frc27,frc1305,frc5,125,80
2004gal_qm67,frc548,frc447,frc49,frc222,75,90
2004gal_qm68,frc296,frc157,frc1031,frc1086,110,25
2004gal_qm69,frc587,frc1132,frc852,frc537,0,55
2004gal_qm7,frc964,frc141,frc1266,frc27,35,165
2004gal_qm70,frc904,frc365,frc964,frc868,140,55
2004gal_qm71,frc230,frc42,frc1157,frc812,75,60
2004gal_qm72,frc518,frc263,frc59,frc68,95,130
2004gal_qm73,frc326,frc999,frc64,frc304,50,25
2004gal_qm74,frc782,frc971,frc20,frc384,115,75
2004gal_qm75,frc108,frc1266,frc120,frc184,30,20
2004gal_qm76,frc469,frc1014,frc686,frc245,120,80
2004gal_qm77,frc1218,frc492,frc1493,frc830,150,80
2004gal_qm78,frc714,frc192,frc647,frc358,70,170
2004gal_qm79,frc135,frc980,frc457,frc284,75,65
2004gal_qm8,frc42,frc100,frc548,frc1218,110,145
2004gal_qm80,frc422,frc236,frc569,frc314,50,135
2004gal_qm81,frc548,frc27,frc177,frc1393,15,55
2004gal_qm82,frc157,frc49,frc1359,frc80,100,120
2004gal_qm83,frc587,frc296,frc938,frc1305,50,25
2004gal_qm84,frc868,frc537,frc173,frc222,105,100
2004gal_qm85,frc230,frc964,frc852,frc341,70,80
2004gal_qm86,frc42,frc68,frc888,frc1031,55,30
2004gal_qm87,frc304,frc263,frc1108,frc100,50,80
2004gal_qm88,frc326,frc1086,frc904,frc812,30,65
2004gal_qm89,frc518,frc999,frc93,frc1405,70,110
2004gal_qm9,frc184,frc812,frc358,frc296,15,160
2004gal_qm90,frc398,frc141,frc5,frc447,60,30
2004gal_qm91,frc1132,frc365,frc1157,frc59,120,20
2004gal_qm92,frc64,frc971,frc120,frc686,130,20
2004gal_qm93,frc1218,frc358,frc980,frc782,60,210
2004gal_qm94,frc422,frc384,frc1266,frc492,65,110
2004gal_qm95,frc714,frc284,frc548,frc184,70,40
2004gal_qm96,frc80,frc1014,frc569,frc27,15,90
2004gal_qm97,frc587,frc157,frc245,frc830,80,80
2004gal_qm98,frc868,frc1359,frc1493,frc135,130,20
2004gal_qm99,frc230,frc1305,frc108,frc192,120,65
2004gal_sf1m1,frc1218,frc469,frc868,frc93,frc492,frc157,85,80
2004gal_sf1m2,frc1218,frc469,frc868,frc93,frc492,frc157,75,45
2004gal_sf2m1,frc177,frc27,frc365,frc222,frc64,frc1405,55,50
2004gal_sf2m2,frc177,frc27,frc365,frc222,frc64,frc1405,165,150
